uid,i,signo,condicion,metricas_no_recuperadas,articulo_no_identificado,tipo,pmids,motivo_y_siguiente_paso
C00001,0,Caquexia,Neumonía,vpp;vpn,False,hallazgo,6699126,Sin valor predictivo observado recuperado para esta población
C00002,1,Estado mental alterado,Neumonía,vpp;vpn,False,hallazgo,2221647;2745948,Sin valor predictivo observado recuperado para esta población
C00003,2,Matidez a la percusión,Neumonía,vpp;vpn,False,hallazgo,6699126;2221647;2745948,Sin valor predictivo observado recuperado para esta población
C00004,3,Disminución del murmullo vesicular,Neumonía,vpp;vpn,False,hallazgo,2221647;2745948,Sin valor predictivo observado recuperado para esta población
C00005,4,Soplo tubario (respiración bronquial),Neumonía,vpp;vpn,False,hallazgo,2221647,Sin valor predictivo observado recuperado para esta población
C00007,5,Estertores crepitantes,Neumonía,vpp;vpn,False,hallazgo,6699126;2221647;2745948;2642673,Sin valor predictivo observado recuperado para esta población
C00008,6,Sibilancias,Neumonía,vpp;vpn,False,hallazgo,2221647;2745948;2642673,Sin valor predictivo observado recuperado para esta población
C00009,7,Puntaje de Heckerling para neumonía: 0 o 1 hallazgos,Neumonía,ln;vpp;vpn,False,ordinal,2221647;1952308,Categoría ordinal: no inferir LR−/VPN de un umbral binario; Sin valor predictivo observado recuperado para esta población; Cifra no recuperada para la misma definición; revisar fuente y umbral
C00010,8,Puntaje de Heckerling para neumonía: 2 o 3 hallazgos,Neumonía,sp;ln;vpp;vpn,False,ordinal,2221647;1952308,Categoría ordinal: no inferir LR−/VPN de un umbral binario; Sin valor predictivo observado recuperado para esta población; Cifra no recuperada para la misma definición; revisar fuente y umbral
C00011,9,Puntaje de Heckerling para neumonía: 4 o 5 hallazgos,Neumonía,ln;vpp;vpn,False,ordinal,2221647;1952308,Categoría ordinal: no inferir LR−/VPN de un umbral binario; Sin valor predictivo observado recuperado para esta población; Cifra no recuperada para la misma definición; revisar fuente y umbral
C00015,10,Mini-Mental ≤20 puntos (interpretación en tres niveles),Demencia y delirium,ln;vpp;vpn,False,ordinal,2666647;4080881;6736981;7100362,Categoría ordinal: no inferir LR−/VPN de un umbral binario; Sin valor predictivo observado recuperado para esta población; Cifra no recuperada para la misma definición; revisar fuente y umbral
C00016,11,Mini-Mental 21–25 puntos (interpretación en tres niveles),Demencia y delirium,sp;ln;vpp;vpn,False,ordinal,2666647;4080881;6736981;7100362,Categoría ordinal: no inferir LR−/VPN de un umbral binario; Sin valor predictivo observado recuperado para esta población; Cifra no recuperada para la misma definición; revisar fuente y umbral
C00017,12,Mini-Mental ≥26 puntos (interpretación en tres niveles),Demencia y delirium,ln;vpp;vpn,False,ordinal,2666647;4080881;6736981;7100362,Categoría ordinal: no inferir LR−/VPN de un umbral binario; Sin valor predictivo observado recuperado para esta población; Cifra no recuperada para la misma definición; revisar fuente y umbral
C00019,13,Incapacidad para dar 10 pasos perfectos en tándem,Alteraciones de la marcha en pacientes con parkinsonismo o demencia,vpp;vpn,False,hallazgo,16847047,Sin valor predictivo observado recuperado para esta población
C00021,14,"Marcha parkinsoniana, para demencia por cuerpos de Lewy o enfermedad de Parkinson con demencia",Alteraciones de la marcha en pacientes con parkinsonismo o demencia,vpp;vpn,False,hallazgo,16181166,Sin valor predictivo observado recuperado para esta población
C00022,15,"Marcha frontal (apraxia de la marcha), para demencia vascular",Alteraciones de la marcha en pacientes con parkinsonismo o demencia,vpp;vpn,False,hallazgo,16181166,Sin valor predictivo observado recuperado para esta población
C00023,16,Reflejo palmomentoniano presente,Predicción de caídas,vpp;vpn,False,hallazgo,3205267,Sin valor predictivo observado recuperado para esta población
C00024,17,Incapacidad para mantenerse de pie con los pies juntos y los ojos abiertos durante 10 segundos,Predicción de caídas,vpp;vpn,False,hallazgo,,Sin valor predictivo observado recuperado para esta población
C00025,18,Incapacidad para caminar en tándem (>2 errores),Predicción de caídas,vpp;vpn,False,hallazgo,,Sin valor predictivo observado recuperado para esta población
C00027,19,Prueba cronometrada de levantarse y caminar (Timed Up and Go) <15 segundos,Predicción de caídas,ln;vpp;vpn,False,ordinal,18515291,Categoría ordinal: no inferir LR−/VPN de un umbral binario; Sin valor predictivo observado recuperado para esta población; Cifra no recuperada para la misma definición; revisar fuente y umbral
C00028,20,Prueba cronometrada de levantarse y caminar (Timed Up and Go) 15-35 segundos,Predicción de caídas,sp;ln;vpp;vpn,False,ordinal,18515291,Categoría ordinal: no inferir LR−/VPN de un umbral binario; Sin valor predictivo observado recuperado para esta población; Cifra no recuperada para la misma definición; revisar fuente y umbral
C00029,21,Prueba cronometrada de levantarse y caminar (Timed Up and Go) ≥35 segundos,Predicción de caídas,ln;vpp;vpn,False,ordinal,18515291,Categoría ordinal: no inferir LR−/VPN de un umbral binario; Sin valor predictivo observado recuperado para esta población; Cifra no recuperada para la misma definición; revisar fuente y umbral
C00030,22,Prueba cronometrada de levantarse de la silla (3 repeticiones) >10 segundos,Predicción de caídas,vpp;vpn,False,hallazgo,,Sin valor predictivo observado recuperado para esta población
C00031,23,Pérdida de peso,Enfermedad hepatocelular (ictericia no obstructiva) en el paciente con ictericia,vpp;vpn,False,hallazgo,13991584;5780365,Sin valor predictivo observado recuperado para esta población
C00032,24,Arañas vasculares (telangiectasias aracniformes),Enfermedad hepatocelular (ictericia no obstructiva) en el paciente con ictericia,vpp;vpn,False,hallazgo,13991584;5780365,Sin valor predictivo observado recuperado para esta población
C00033,25,Eritema palmar,Enfermedad hepatocelular (ictericia no obstructiva) en el paciente con ictericia,vpp;vpn,False,hallazgo,13991584,Sin valor predictivo observado recuperado para esta población
C00034,26,Venas abdominales dilatadas (circulación colateral de la pared abdominal),Enfermedad hepatocelular (ictericia no obstructiva) en el paciente con ictericia,vpp;vpn,False,hallazgo,13991584,Sin valor predictivo observado recuperado para esta población
C00035,27,Ascitis,Enfermedad hepatocelular (ictericia no obstructiva) en el paciente con ictericia,vpp;vpn,False,hallazgo,13991584,Sin valor predictivo observado recuperado para esta población
C00036,28,Bazo palpable,Enfermedad hepatocelular (ictericia no obstructiva) en el paciente con ictericia,vpp;vpn,False,hallazgo,13991584;5780365,Sin valor predictivo observado recuperado para esta población
C00037,29,Hígado palpable,Enfermedad hepatocelular (ictericia no obstructiva) en el paciente con ictericia,vpp;vpn,False,hallazgo,13991584;5780365,Sin valor predictivo observado recuperado para esta población
C00038,30,Hígado doloroso a la palpación (hipersensibilidad hepática),Enfermedad hepatocelular (ictericia no obstructiva) en el paciente con ictericia,vpp;vpn,False,hallazgo,13991584;5780365,Sin valor predictivo observado recuperado para esta población
C00040,31,Eritema palmar,Cirrosis en el paciente con hepatopatía crónica,vpp;vpn,False,hallazgo,8892498;367201;18312288,Sin valor predictivo observado recuperado para esta población
C00041,32,Ginecomastia,Cirrosis en el paciente con hepatopatía crónica,vpp;vpn,False,hallazgo,8892498;18312288,Sin valor predictivo observado recuperado para esta población
C00042,33,Disminución del vello corporal o púbico,Cirrosis en el paciente con hepatopatía crónica,vpp;vpn,False,hallazgo,8892498;18312288,Sin valor predictivo observado recuperado para esta población
C00044,34,Venas dilatadas de la pared abdominal (circulación colateral),Cirrosis en el paciente con hepatopatía crónica,vpp;vpn,False,hallazgo,8892498;367201;18312288,Sin valor predictivo observado recuperado para esta población
C00047,35,Borde hepático firme a la palpación,Cirrosis en el paciente con hepatopatía crónica,vpp;vpn,False,hallazgo,,Sin valor predictivo observado recuperado para esta población
C00050,36,Edema periférico,Cirrosis en el paciente con hepatopatía crónica,vpp;vpn,False,hallazgo,8892498;5586574;367201,Sin valor predictivo observado recuperado para esta población
C00051,37,Encefalopatía hepática,Cirrosis en el paciente con hepatopatía crónica,vpp;vpn,False,hallazgo,8892498,Sin valor predictivo observado recuperado para esta población
C00054,38,Eritema palmar,Síndrome hepatopulmonar en el paciente con hepatopatía crónica,vpp;vpn,False,hallazgo,16610006;12427789,Sin valor predictivo observado recuperado para esta población
C00057,39,Cianosis central,Cianosis central (desoxihemoglobina arterial ≥2.38 g/dL),vpp;vpn,False,hallazgo,3406907,Sin valor predictivo observado recuperado para esta población
C00061,40,Palidez palmar,Anemia,vpp;vpn,False,hallazgo,10460203,Sin valor predictivo observado recuperado para esta población
C00066,41,Palidez calificada como limítrofe o dudosa (impresión global del examinador),Anemia,sp;ln;vpp;vpn,False,ordinal,,Categoría ordinal: no inferir LR−/VPN de un umbral binario; Sin valor predictivo observado recuperado para esta población; Cifra no recuperada para la misma definición; revisar fuente y umbral
C00069,42,Mucosas secas de boca y nariz,Hipovolemia,vpp;vpn,False,hallazgo,16913989;1624737,Sin valor predictivo observado recuperado para esta población
C00070,43,Surcos longitudinales en la lengua,Hipovolemia,vpp;vpn,False,hallazgo,1624737,Sin valor predictivo observado recuperado para esta población
C00071,44,Ojos hundidos,Hipovolemia,vpp;vpn,False,hallazgo,1624737,Sin valor predictivo observado recuperado para esta población
C00073,45,Confusión,Hipovolemia,vpp;vpn,False,hallazgo,16913989;1624737,Sin valor predictivo observado recuperado para esta población
C00074,46,Debilidad,Hipovolemia,vpp;vpn,False,hallazgo,1624737,Sin valor predictivo observado recuperado para esta población
C00075,47,Habla poco clara o divagante,Hipovolemia,vpp;vpn,False,hallazgo,1624737,Sin valor predictivo observado recuperado para esta población
C00076,48,Pérdida de peso mayor del 10%,Desnutrición proteico-energética y complicaciones quirúrgicas mayores,vpp;vpn,False,hallazgo,7427501;3345115;7201531;4068194;3533022,Sin valor predictivo observado recuperado para esta población
C00077,49,Peso corporal bajo,Desnutrición proteico-energética y complicaciones quirúrgicas mayores,vpp;vpn,False,hallazgo,7427501;7201531;4068194,Sin valor predictivo observado recuperado para esta población
C00078,50,Circunferencia muscular del brazo menor del 85% de lo esperado (antropometría),Desnutrición proteico-energética y complicaciones quirúrgicas mayores,vpp;vpn,False,hallazgo,7427501;7201531;4068194,Sin valor predictivo observado recuperado para esta población
C00079,51,Circunferencia muscular del antebrazo menor del 85% de lo esperado (antropometría),Desnutrición proteico-energética y complicaciones quirúrgicas mayores,vpp;vpn,False,hallazgo,7427501;7201531;4068194,Sin valor predictivo observado recuperado para esta población
C00081,52,Hipertensión arterial,Síndrome de Cushing,vpp;vpn,False,hallazgo,14212081;5808526,Sin valor predictivo observado recuperado para esta población
C00082,53,Facies de luna llena,Síndrome de Cushing,vpp;vpn,False,hallazgo,5808526,Sin valor predictivo observado recuperado para esta población
C00083,54,Obesidad central (troncal),Síndrome de Cushing,vpp;vpn,False,hallazgo,14212081;5808526,Sin valor predictivo observado recuperado para esta población
C00084,55,Obesidad generalizada,Síndrome de Cushing,vpp;vpn,False,hallazgo,14212081,Sin valor predictivo observado recuperado para esta población
C00085,56,Pliegue cutáneo delgado (adelgazamiento de la piel),Síndrome de Cushing,vpp;vpn,False,hallazgo,,Sin valor predictivo observado recuperado para esta población
C00086,57,Plétora facial (rubicundez),Síndrome de Cushing,vpp;vpn,False,hallazgo,14212081,Sin valor predictivo observado recuperado para esta población
C00087,58,Hirsutismo en mujeres,Síndrome de Cushing,vpp;vpn,False,hallazgo,14212081;5808526,Sin valor predictivo observado recuperado para esta población
C00088,59,Equimosis,Síndrome de Cushing,vpp;vpn,False,hallazgo,14212081;5808526,Sin valor predictivo observado recuperado para esta población
C00089,60,Estrías rojas o violáceas,Síndrome de Cushing,vpp;vpn,False,hallazgo,14212081;5808526,Sin valor predictivo observado recuperado para esta población
C00090,61,Acné,Síndrome de Cushing,vpp;vpn,False,hallazgo,14212081,Sin valor predictivo observado recuperado para esta población
C00091,62,Debilidad muscular proximal,Síndrome de Cushing,vpp;vpn,False,hallazgo,14212081;5808526,Sin valor predictivo observado recuperado para esta población
C00092,63,Edema en extremidades,Síndrome de Cushing,vpp;vpn,False,hallazgo,14212081;5808526,Sin valor predictivo observado recuperado para esta población
C00093,64,Frecuencia cardiaca >90 lpm como predictor de mortalidad hospitalaria en el paciente traumatizado con hipotensión,Taquicardia,vpp;vpn,False,hallazgo,12742195,Sin valor predictivo observado recuperado para esta población
C00094,65,Frecuencia cardiaca >95 lpm como predictor de mortalidad hospitalaria en choque séptico,Taquicardia,vpp;vpn,False,hallazgo,3652707,Sin valor predictivo observado recuperado para esta población
C00095,66,Frecuencia cardiaca >100 lpm como predictor de mortalidad en neumonía,Taquicardia,vpp;vpn,False,hallazgo,3389247,Sin valor predictivo observado recuperado para esta población
C00096,67,Frecuencia cardiaca >100 lpm como predictor de mortalidad hospitalaria en infarto agudo de miocardio,Taquicardia,vpp;vpn,False,hallazgo,14979625,Sin valor predictivo observado recuperado para esta población
C00097,68,Frecuencia cardiaca >100 lpm como predictor de complicaciones en pancreatitis biliar,Taquicardia,vpp;vpn,False,hallazgo,8080371,Sin valor predictivo observado recuperado para esta población
C00098,69,Frecuencia cardiaca >110 lpm como predictor de mortalidad hospitalaria en hemorragia pontina,Taquicardia,vpp;vpn,False,hallazgo,,Sin valor predictivo observado recuperado para esta población
C00099,70,Pulso paradójico >10 mmHg,Asma grave,vpp;vpn,False,hallazgo,4128055;6824209;76072,Sin valor predictivo observado recuperado para esta población
C00100,71,Pulso paradójico >20 mmHg,Asma grave,vpp;vpn,False,hallazgo,4128055;6824209;76072,Sin valor predictivo observado recuperado para esta población
C00101,72,Pulso paradójico >25 mmHg,Asma grave,vpp;vpn,False,hallazgo,,Sin valor predictivo observado recuperado para esta población
C00102,73,Pulso carotídeo palpable (para detectar presión sistólica ≥60 mmHg),Choque hipovolémico,vpp;vpn,False,hallazgo,10987771,Sin valor predictivo observado recuperado para esta población
C00103,74,Pulso femoral palpable (para detectar presión sistólica ≥60 mmHg),Choque hipovolémico,vpp;vpn,False,hallazgo,10987771,Sin valor predictivo observado recuperado para esta población
C00104,75,Pulso radial palpable (para detectar presión sistólica ≥60 mmHg),Choque hipovolémico,vpp;vpn,False,hallazgo,10987771,Sin valor predictivo observado recuperado para esta población
C00106,76,Ondas A en cañón intermitentes en el pulso venoso yugular,Taquicardia ventricular con disociación auriculoventricular,vpp;vpn,False,hallazgo,7994860,Sin valor predictivo observado recuperado para esta población
C00107,77,Intensidad variable del primer ruido cardiaco (S1),Taquicardia ventricular con disociación auriculoventricular,vpp;vpn,False,hallazgo,7994860,Sin valor predictivo observado recuperado para esta población
C00108,78,Pulso irregular,Fibrilación auricular,vpp;vpn,False,hallazgo,9685281,Sin valor predictivo observado recuperado para esta población
C00110,79,Hipotensión arterial en el paciente de terapia intensiva (predictor de desenlace adverso),Hipotensión arterial y pronóstico,vpp;vpn,False,hallazgo,18779186,Sin valor predictivo observado recuperado para esta población
C00111,80,Hipotensión arterial en el paciente con bacteriemia (predictor de desenlace adverso),Hipotensión arterial y pronóstico,vpp;vpn,False,hallazgo,12626967;12063098,Sin valor predictivo observado recuperado para esta población
C00112,81,Hipotensión arterial en el paciente con neumonía (predictor de desenlace adverso),Hipotensión arterial y pronóstico,vpp;vpn,False,hallazgo,6474390;10320113;3965559;18492742,Sin valor predictivo observado recuperado para esta población
C00113,82,Hipotensión arterial en el paciente con infarto agudo de miocardio (predictor de desenlace adverso),Hipotensión arterial y pronóstico,vpp;vpn,False,hallazgo,1891019,Sin valor predictivo observado recuperado para esta población
C00114,83,Presión arterial sistólica ≤90 mmHg,Hipotensión arterial y pronóstico,vpp;vpn,False,hallazgo,17241732,Sin valor predictivo observado recuperado para esta población
C00115,84,Presión arterial sistólica ≤85 mmHg,Hipotensión arterial y pronóstico,vpp;vpn,False,hallazgo,17241732,Sin valor predictivo observado recuperado para esta población
C00116,85,Presión arterial sistólica ≤80 mmHg,Hipotensión arterial y pronóstico,vpp;vpn,False,hallazgo,17241732,Sin valor predictivo observado recuperado para esta población
C00117,86,Déficit de pulso (ausencia o asimetría de un pulso periférico),Disección aórtica,vpp;vpn,False,hallazgo,9842019;2642405;11041906,Sin valor predictivo observado recuperado para esta población
C00118,87,Soplo diastólico de insuficiencia aórtica,Disección aórtica,vpp;vpn,False,hallazgo,9842019;2642405;11041906;1858632,Sin valor predictivo observado recuperado para esta población
C00119,88,Signos neurológicos focales,Disección aórtica,vpp;vpn,False,hallazgo,11041906,Sin valor predictivo observado recuperado para esta población
C00121,89,"Regla de predicción de disección aórtica: 1 de 3 predictores (déficit de pulso, soplo de insuficiencia aórtica y signos neurológicos focales)",Disección aórtica,sp;ln;vpp;vpn,False,ordinal,11041906,Categoría ordinal: no inferir LR−/VPN de un umbral binario; Sin valor predictivo observado recuperado para esta población; Cifra no recuperada para la misma definición; revisar fuente y umbral
C00122,90,"Regla de predicción de disección aórtica: 2 de 3 predictores (déficit de pulso, soplo de insuficiencia aórtica y signos neurológicos focales)",Disección aórtica,sp;ln;vpp;vpn,False,ordinal,11041906,Categoría ordinal: no inferir LR−/VPN de un umbral binario; Sin valor predictivo observado recuperado para esta población; Cifra no recuperada para la misma definición; revisar fuente y umbral
C00123,91,"Regla de predicción de disección aórtica: 3 de 3 predictores (déficit de pulso, soplo de insuficiencia aórtica y signos neurológicos focales)",Disección aórtica,ln;vpp;vpn,False,ordinal,11041906,Categoría ordinal: no inferir LR−/VPN de un umbral binario; Sin valor predictivo observado recuperado para esta población; Cifra no recuperada para la misma definición; revisar fuente y umbral
C00124,92,Presión arterial sistólica ≥160 mmHg (para detectar lesión cerebral estructural en el paciente con alteración de la consciencia),Presión arterial sistólica y alteración del estado de consciencia,vpp;vpn,False,hallazgo,12376438;16311141,Sin valor predictivo observado recuperado para esta población
C00126,93,Frente anormalmente caliente a la palpación,Fiebre,vpp;vpn,False,hallazgo,12753634;10691073,Sin valor predictivo observado recuperado para esta población
C00127,94,Edad de 50 años o más,Bacteriemia en el paciente febril,vpp;vpn,False,hallazgo,,Sin valor predictivo observado recuperado para esta población
C00128,95,Insuficiencia renal,Bacteriemia en el paciente febril,vpp;vpn,False,hallazgo,,Sin valor predictivo observado recuperado para esta población
C00130,96,Uso de drogas intravenosas,Bacteriemia en el paciente febril,vpp;vpn,False,hallazgo,2393205,Sin valor predictivo observado recuperado para esta población
C00131,97,Antecedente de evento vascular cerebral,Bacteriemia en el paciente febril,vpp;vpn,False,hallazgo,,Sin valor predictivo observado recuperado para esta población
C00132,98,Diabetes mellitus,Bacteriemia en el paciente febril,vpp;vpn,False,hallazgo,7884108;1610043;16174688,Sin valor predictivo observado recuperado para esta población
C00133,99,Mal estado funcional previo,Bacteriemia en el paciente febril,vpp;vpn,False,hallazgo,,Sin valor predictivo observado recuperado para esta población
C00134,100,Enfermedad rápidamente mortal (esperanza de vida menor de 1 mes),Bacteriemia en el paciente febril,vpp;vpn,False,hallazgo,2393205;8833017,Sin valor predictivo observado recuperado para esta población
C00135,101,Sonda vesical permanente,Bacteriemia en el paciente febril,vpp;vpn,False,hallazgo,7884108;1610043,Sin valor predictivo observado recuperado para esta población
C00136,102,Catéter venoso central,Bacteriemia en el paciente febril,vpp;vpn,False,hallazgo,14727205;9395366;17100868,Sin valor predictivo observado recuperado para esta población
C00138,103,Taquicardia,Bacteriemia en el paciente febril,vpp;vpn,False,hallazgo,14727205;1610043;17100868,Sin valor predictivo observado recuperado para esta población
C00139,104,Frecuencia respiratoria mayor de 20 por minuto,Bacteriemia en el paciente febril,vpp;vpn,False,hallazgo,1610043,Sin valor predictivo observado recuperado para esta población
C00142,105,Confusión o deterioro del estado de alerta,Bacteriemia en el paciente febril,vpp;vpn,False,hallazgo,14727205;7884108;1610043;16174688;9395366,Sin valor predictivo observado recuperado para esta población
C00143,106,Hipertermia como predictor de mortalidad hospitalaria en hemorragia pontina,Extremos de temperatura y pronóstico (mortalidad hospitalaria),vpp;vpn,False,hallazgo,,Sin valor predictivo observado recuperado para esta población
C00144,107,Hipotermia como predictor de mortalidad hospitalaria por falla de bomba en insuficiencia cardiaca,Extremos de temperatura y pronóstico (mortalidad hospitalaria),vpp;vpn,False,hallazgo,15894979,Sin valor predictivo observado recuperado para esta población
C00145,108,Hipotermia como predictor de mortalidad hospitalaria en neumonía,Extremos de temperatura y pronóstico (mortalidad hospitalaria),vpp;vpn,False,hallazgo,6474390;10320113,Sin valor predictivo observado recuperado para esta población
C00146,109,Hipotermia como predictor de mortalidad hospitalaria en bacteriemia,Extremos de temperatura y pronóstico (mortalidad hospitalaria),vpp;vpn,False,hallazgo,8564118,Sin valor predictivo observado recuperado para esta población
C00147,110,Frecuencia respiratoria >24/min como predictor de fracaso del retiro de la ventilación mecánica en el paciente intubado,Taquipnea,vpp;vpn,False,hallazgo,,Sin valor predictivo observado recuperado para esta población
C00149,111,Frecuencia respiratoria >28/min para detectar neumonía en el paciente con tos y fiebre,Taquipnea,vpp;vpn,False,hallazgo,2745948,Sin valor predictivo observado recuperado para esta población
C00150,112,Frecuencia respiratoria >30/min como predictor de mortalidad hospitalaria en neumonía,Taquipnea,vpp;vpn,False,hallazgo,10320113;1872491;8100295;10515416,Sin valor predictivo observado recuperado para esta población
C00151,113,Saturación de oxígeno <90% como predictor de mortalidad hospitalaria en el paciente hospitalizado,Saturación de oxígeno por oximetría de pulso,vpp;vpn,False,hallazgo,15918825;19558478,Sin valor predictivo observado recuperado para esta población
C00153,114,Saturación de oxígeno <95% para detectar neumonía en el paciente ambulatorio con tos y fiebre,Saturación de oxígeno por oximetría de pulso,vpp;vpn,False,hallazgo,2745948;18211312;17606087,Sin valor predictivo observado recuperado para esta población
C00156,117,Anisocoria con parálisis completa del III par craneal,Pupilas (lesión estructural intracraneal),vpp;vpn,False,hallazgo,7465470,Sin valor predictivo observado recuperado para esta población
C00157,118,Anisocoria o reflejo fotomotor anormal,Pupilas (lesión estructural intracraneal),vpp;vpn,False,hallazgo,17219827;14162937,Sin valor predictivo observado recuperado para esta población
C00158,119,Anisocoria ≥1 mm tras cocaína tópica (prueba de la cocaína),Pupilas (lesión estructural intracraneal),vpp;vpn,False,hallazgo,2310339,Sin valor predictivo observado recuperado para esta población
C00159,120,Dilatación de la pupila miótica con hidroxianfetamina tópica (prueba de hidroxianfetamina),Pupilas (lesión estructural intracraneal),vpp;vpn,False,hallazgo,2368824;7425056,Sin valor predictivo observado recuperado para esta población
C00160,121,Falta de dilatación de la pupila miótica con fenilefrina diluida,Pupilas (lesión estructural intracraneal),vpp;vpn,False,hallazgo,15031194,Sin valor predictivo observado recuperado para esta población
C00161,122,Sudoración facial asimétrica,Pupilas (lesión estructural intracraneal),vpp;vpn,False,hallazgo,2801865,Sin valor predictivo observado recuperado para esta población
C00162,123,Anisocoria ≥1 mm,Pupilas (lesión estructural intracraneal),vpp;vpn,False,hallazgo,,Sin valor predictivo observado recuperado para esta población
C00164,124,Oftalmoscopia directa sin dilatación pupilar,Retinopatía diabética,vpp;vpn,False,hallazgo,4000642,Sin valor predictivo observado recuperado para esta población
C00165,125,Oftalmoscopia directa con pupila dilatada realizada por médico no oftalmólogo,Retinopatía diabética,vpp;vpn,False,hallazgo,8597737;9498631;1830260;18406632,Sin valor predictivo observado recuperado para esta población
C00166,126,Oftalmoscopia directa con pupila dilatada realizada por especialista,Retinopatía diabética,vpp;vpn,False,hallazgo,9498631;1830260;2579361;7580708,Sin valor predictivo observado recuperado para esta población
C00167,127,Retinografía digital no midriática de tres campos,Retinopatía diabética,vpp;vpn,False,hallazgo,19406376,Sin valor predictivo observado recuperado para esta población
C00169,128,No escucha el frote fuerte de los dedos (prueba del frote digital),Hipoacusia,vpp;vpn,False,hallazgo,19414727,Sin valor predictivo observado recuperado para esta población
C00170,129,No escucha el frote suave de los dedos (prueba del frote digital),Hipoacusia,vpp;vpn,False,hallazgo,19414727,Sin valor predictivo observado recuperado para esta población
C00171,130,"Prueba de Rinne con conducción ósea mayor que la aérea (“Rinne negativo”), para detectar hipoacusia conductiva",Hipoacusia,vpp;vpn,False,hallazgo,3348896,Sin valor predictivo observado recuperado para esta población
C00172,131,"Prueba de Weber que lateraliza al oído sano, para detectar hipoacusia neurosensorial",Hipoacusia,vpp;vpn,False,hallazgo,513917,Sin valor predictivo observado recuperado para esta población
C00173,132,"Prueba de Weber que lateraliza al oído enfermo, para detectar hipoacusia conductiva",Hipoacusia,vpp;vpn,False,hallazgo,513917,Sin valor predictivo observado recuperado para esta población
C00174,133,Sin bocio a la inspección ni a la palpación,Bocio,ln;vpp;vpn,False,hallazgo,3056637;3978834;4064350;2000697;2221166,Sin valor predictivo observado recuperado para esta población; Cifra no recuperada para la misma definición; revisar fuente y umbral
C00175,134,"Bocio palpable, visible sólo con el cuello en extensión",Bocio,sp;ln;vpp;vpn,False,hallazgo,3056637,Sin valor predictivo observado recuperado para esta población; Cifra no recuperada para la misma definición; revisar fuente y umbral
C00176,135,Bocio palpable y visible con el cuello en posición normal,Bocio,ln;vpp;vpn,False,hallazgo,3056637;3978834;4064350;2221166,Sin valor predictivo observado recuperado para esta población; Cifra no recuperada para la misma definición; revisar fuente y umbral
C00179,136,Bocio fijo a los tejidos vecinos,Carcinoma tiroideo (hallazgos en bocio y nódulo tiroideo),vpp;vpn,False,hallazgo,,Sin valor predictivo observado recuperado para esta población
C00180,137,Bocio nodular (frente a bocio difuso),Carcinoma tiroideo (hallazgos en bocio y nódulo tiroideo),vpp;vpn,False,hallazgo,,Sin valor predictivo observado recuperado para esta población
C00181,138,Lóbulo piramidal palpable,Carcinoma tiroideo (hallazgos en bocio y nódulo tiroideo),vpp;vpn,False,hallazgo,,Sin valor predictivo observado recuperado para esta población
C00182,139,Parálisis de cuerda vocal (en nódulo tiroideo),Carcinoma tiroideo (hallazgos en bocio y nódulo tiroideo),vpp;vpn,False,hallazgo,19340874,Sin valor predictivo observado recuperado para esta población
C00183,140,Nódulo tiroideo fijo a los tejidos vecinos,Carcinoma tiroideo (hallazgos en bocio y nódulo tiroideo),vpp;vpn,False,hallazgo,10828810,Sin valor predictivo observado recuperado para esta población
C00184,141,Adenopatía cervical (en nódulo tiroideo),Carcinoma tiroideo (hallazgos en bocio y nódulo tiroideo),vpp;vpn,False,hallazgo,19340874,Sin valor predictivo observado recuperado para esta población
C00185,142,Nódulo tiroideo con diámetro ≥4 cm,Carcinoma tiroideo (hallazgos en bocio y nódulo tiroideo),vpp;vpn,False,hallazgo,10828810,Sin valor predictivo observado recuperado para esta población
C00187,143,Piel fría y seca,Hipotiroidismo,vpp;vpn,False,hallazgo,4942137,Sin valor predictivo observado recuperado para esta población
C00188,144,Piel áspera,Hipotiroidismo,vpp;vpn,False,hallazgo,4186294,Sin valor predictivo observado recuperado para esta población
C00189,145,Palmas frías,Hipotiroidismo,vpp;vpn,False,hallazgo,4186294,Sin valor predictivo observado recuperado para esta población
C00190,146,Palmas secas,Hipotiroidismo,vpp;vpn,False,hallazgo,4186294,Sin valor predictivo observado recuperado para esta población
C00191,147,Abotagamiento periorbitario,Hipotiroidismo,vpp;vpn,False,hallazgo,4186294,Sin valor predictivo observado recuperado para esta población
C00192,148,Abotagamiento de las muñecas,Hipotiroidismo,vpp;vpn,False,hallazgo,4186294,Sin valor predictivo observado recuperado para esta población
C00193,149,Pérdida del vello de las cejas,Hipotiroidismo,vpp;vpn,False,hallazgo,4186294,Sin valor predictivo observado recuperado para esta población
C00194,150,Edema pretibial,Hipotiroidismo,vpp;vpn,False,hallazgo,,Sin valor predictivo observado recuperado para esta población
C00195,151,"Habla hipotiroidea (lenta, ronca y de tono bajo)",Hipotiroidismo,vpp;vpn,False,hallazgo,4186294,Sin valor predictivo observado recuperado para esta población
C00196,152,Frecuencia del pulso lenta (bradicardia),Hipotiroidismo,vpp;vpn,False,hallazgo,4942137;2633409,Sin valor predictivo observado recuperado para esta población
C00197,153,Tiroides aumentada de tamaño (bocio),Hipotiroidismo,vpp;vpn,False,hallazgo,4942137,Sin valor predictivo observado recuperado para esta población
C00198,154,Reflejo aquíleo con fase de relajación lenta,Hipotiroidismo,vpp;vpn,False,hallazgo,,Sin valor predictivo observado recuperado para esta población
C00199,155,Lentitud de los movimientos,Hipotiroidismo,vpp;vpn,False,hallazgo,,Sin valor predictivo observado recuperado para esta población
C00200,156,Índice de Billewicz menor de -15 puntos,Hipotiroidismo,ln;vpp;vpn,False,ordinal,2585156,Categoría ordinal: no inferir LR−/VPN de un umbral binario; Sin valor predictivo observado recuperado para esta población; Cifra no recuperada para la misma definición; revisar fuente y umbral
C00201,157,Índice de Billewicz de -15 a +29 puntos,Hipotiroidismo,sp;ln;vpp;vpn,False,ordinal,2585156,Categoría ordinal: no inferir LR−/VPN de un umbral binario; Sin valor predictivo observado recuperado para esta población; Cifra no recuperada para la misma definición; revisar fuente y umbral
C00202,158,Índice de Billewicz de +30 puntos o más,Hipotiroidismo,ln;vpp;vpn,False,ordinal,2585156,Categoría ordinal: no inferir LR−/VPN de un umbral binario; Sin valor predictivo observado recuperado para esta población; Cifra no recuperada para la misma definición; revisar fuente y umbral
C00203,159,Frecuencia del pulso ≥90 latidos por minuto,Hipertiroidismo,vpp;vpn,False,hallazgo,,Sin valor predictivo observado recuperado para esta población
C00204,160,Piel húmeda y caliente,Hipertiroidismo,vpp;vpn,False,hallazgo,,Sin valor predictivo observado recuperado para esta población
C00205,161,Tiroides aumentada de tamaño (bocio),Hipertiroidismo,vpp;vpn,False,hallazgo,,Sin valor predictivo observado recuperado para esta población
C00206,162,Retracción palpebral,Hipertiroidismo,vpp;vpn,False,hallazgo,,Sin valor predictivo observado recuperado para esta población
C00207,163,Retraso palpebral al descender la mirada,Hipertiroidismo,vpp;vpn,False,hallazgo,,Sin valor predictivo observado recuperado para esta población
C00208,164,Temblor fino de los dedos,Hipertiroidismo,vpp;vpn,False,hallazgo,,Sin valor predictivo observado recuperado para esta población
C00209,165,Índice de Wayne menor de 11 puntos,Hipertiroidismo,ln;vpp;vpn,False,ordinal,4098778,Categoría ordinal: no inferir LR−/VPN de un umbral binario; Sin valor predictivo observado recuperado para esta población; Cifra no recuperada para la misma definición; revisar fuente y umbral
C00210,166,Índice de Wayne de 11 a 19 puntos,Hipertiroidismo,sp;ln;vpp;vpn,False,ordinal,4098778,Categoría ordinal: no inferir LR−/VPN de un umbral binario; Sin valor predictivo observado recuperado para esta población; Cifra no recuperada para la misma definición; revisar fuente y umbral
C00211,167,Índice de Wayne de 20 puntos o más,Hipertiroidismo,ln;vpp;vpn,False,ordinal,4098778,Categoría ordinal: no inferir LR−/VPN de un umbral binario; Sin valor predictivo observado recuperado para esta población; Cifra no recuperada para la misma definición; revisar fuente y umbral
C00212,168,Rigidez de nuca,Signos meníngeos,vpp;vpn,False,hallazgo,12060874;20615607,Sin valor predictivo observado recuperado para esta población
C00213,169,Signo de Kernig,Signos meníngeos,vpp;vpn,False,hallazgo,12060874;20615607,Sin valor predictivo observado recuperado para esta población
C00214,170,Signo de Brudzinski,Signos meníngeos,vpp;vpn,False,hallazgo,12060874;20615607,Sin valor predictivo observado recuperado para esta población
C00215,171,"Rigidez de nuca, para hemorragia intracraneal",Signos meníngeos,vpp;vpn,False,hallazgo,12190887;1855041;11744820,Sin valor predictivo observado recuperado para esta población
C00216,172,"Signo de Kernig o de Brudzinski, para hemorragia intracraneal",Signos meníngeos,vpp;vpn,False,hallazgo,12190887,Sin valor predictivo observado recuperado para esta población
C00217,173,Sexo masculino,Enfermedad grave (maligna o granulomatosa) en el paciente con linfadenopatía periférica,vpp;vpn,False,hallazgo,14663291;11039082;6871622,Sin valor predictivo observado recuperado para esta población
C00218,174,Edad de 40 años o más,Enfermedad grave (maligna o granulomatosa) en el paciente con linfadenopatía periférica,vpp;vpn,False,hallazgo,14663291;11039082;6871622;2593667;7382513,Sin valor predictivo observado recuperado para esta población
C00219,175,Pérdida de peso,Enfermedad grave (maligna o granulomatosa) en el paciente con linfadenopatía periférica,vpp;vpn,False,hallazgo,14663291;11039082,Sin valor predictivo observado recuperado para esta población
C00220,176,Fiebre,Enfermedad grave (maligna o granulomatosa) en el paciente con linfadenopatía periférica,vpp;vpn,False,hallazgo,14663291;11039082,Sin valor predictivo observado recuperado para esta población
C00221,177,Adenopatía de cabeza y cuello (excluida la supraclavicular),Enfermedad grave (maligna o granulomatosa) en el paciente con linfadenopatía periférica,vpp;vpn,False,hallazgo,14663291;11039082;12569376;6871622;7382513;6412660,Sin valor predictivo observado recuperado para esta población
C00226,178,Linfadenopatía generalizada (dos o más regiones ganglionares),Enfermedad grave (maligna o granulomatosa) en el paciente con linfadenopatía periférica,vpp;vpn,False,hallazgo,12569376;6871622,Sin valor predictivo observado recuperado para esta población
C00227,179,Ganglio de superficie menor de 4 cm² (producto de sus dos diámetros),Enfermedad grave (maligna o granulomatosa) en el paciente con linfadenopatía periférica,ln;vpp;vpn,False,ordinal,14663291;11039082,Categoría ordinal: no inferir LR−/VPN de un umbral binario; Sin valor predictivo observado recuperado para esta población; Cifra no recuperada para la misma definición; revisar fuente y umbral
C00228,180,Ganglio de superficie de 4 a 8.99 cm² (producto de sus dos diámetros),Enfermedad grave (maligna o granulomatosa) en el paciente con linfadenopatía periférica,sp;ln;vpp;vpn,False,ordinal,14663291;11039082,Categoría ordinal: no inferir LR−/VPN de un umbral binario; Sin valor predictivo observado recuperado para esta población; Cifra no recuperada para la misma definición; revisar fuente y umbral
C00229,181,Ganglio de superficie de 9 cm² o más (equivalente a 3 × 3 cm o mayor),Enfermedad grave (maligna o granulomatosa) en el paciente con linfadenopatía periférica,ln;vpp;vpn,False,ordinal,14663291;11039082,Categoría ordinal: no inferir LR−/VPN de un umbral binario; Sin valor predictivo observado recuperado para esta población; Cifra no recuperada para la misma definición; revisar fuente y umbral
C00230,182,Consistencia dura (pétrea) del ganglio,Enfermedad grave (maligna o granulomatosa) en el paciente con linfadenopatía periférica,vpp;vpn,False,hallazgo,14663291;11039082,Sin valor predictivo observado recuperado para esta población
C00231,183,Dolor a la palpación del ganglio,Enfermedad grave (maligna o granulomatosa) en el paciente con linfadenopatía periférica,vpp;vpn,False,hallazgo,14663291;11039082,Sin valor predictivo observado recuperado para esta población
C00232,184,Ganglios fijos (adheridos a planos profundos o entre sí),Enfermedad grave (maligna o granulomatosa) en el paciente con linfadenopatía periférica,vpp;vpn,False,hallazgo,14663291,Sin valor predictivo observado recuperado para esta población
C00233,185,Exantema (erupción cutánea),Enfermedad grave (maligna o granulomatosa) en el paciente con linfadenopatía periférica,vpp;vpn,False,hallazgo,11039082,Sin valor predictivo observado recuperado para esta población
C00234,186,Bazo palpable,Enfermedad grave (maligna o granulomatosa) en el paciente con linfadenopatía periférica,vpp;vpn,False,hallazgo,14663291;11039082,Sin valor predictivo observado recuperado para esta población
C00235,187,Hígado palpable,Enfermedad grave (maligna o granulomatosa) en el paciente con linfadenopatía periférica,vpp;vpn,False,hallazgo,11039082,Sin valor predictivo observado recuperado para esta población
C00236,188,Puntaje ganglionar (lymph node score) de −3 o menos,Enfermedad grave (maligna o granulomatosa) en el paciente con linfadenopatía periférica,ln;vpp;vpn,False,ordinal,14663291;11039082,Categoría ordinal: no inferir LR−/VPN de un umbral binario; Sin valor predictivo observado recuperado para esta población; Cifra no recuperada para la misma definición; revisar fuente y umbral
C00237,189,Puntaje ganglionar (lymph node score) de −2 a −1,Enfermedad grave (maligna o granulomatosa) en el paciente con linfadenopatía periférica,sp;ln;vpp;vpn,False,ordinal,14663291;11039082,Categoría ordinal: no inferir LR−/VPN de un umbral binario; Sin valor predictivo observado recuperado para esta población; Cifra no recuperada para la misma definición; revisar fuente y umbral
C00238,190,Puntaje ganglionar (lymph node score) de 0 a 4,Enfermedad grave (maligna o granulomatosa) en el paciente con linfadenopatía periférica,sp;ln;vpp;vpn,False,ordinal,14663291;11039082,Categoría ordinal: no inferir LR−/VPN de un umbral binario; Sin valor predictivo observado recuperado para esta población; Cifra no recuperada para la misma definición; revisar fuente y umbral
C00239,191,Puntaje ganglionar (lymph node score) de 5 a 6,Enfermedad grave (maligna o granulomatosa) en el paciente con linfadenopatía periférica,sp;ln;vpp;vpn,False,ordinal,14663291;11039082,Categoría ordinal: no inferir LR−/VPN de un umbral binario; Sin valor predictivo observado recuperado para esta población; Cifra no recuperada para la misma definición; revisar fuente y umbral
C00240,192,Puntaje ganglionar (lymph node score) de 7 o más,Enfermedad grave (maligna o granulomatosa) en el paciente con linfadenopatía periférica,ln;vpp;vpn,False,ordinal,14663291;11039082,Categoría ordinal: no inferir LR−/VPN de un umbral binario; Sin valor predictivo observado recuperado para esta población; Cifra no recuperada para la misma definición; revisar fuente y umbral
C00241,193,Acropaquia (dedos en palillo de tambor),Hipoxemia (pO2 ≤88 mmHg) en fibrosis quística,vpp;vpn,False,hallazgo,11948977,Sin valor predictivo observado recuperado para esta población
C00242,194,Acropaquia (dedos en palillo de tambor),Hipoxemia (pO2 ≤88 mmHg) en fibrosis quística,vpp;vpn,False,hallazgo,18952617,Sin valor predictivo observado recuperado para esta población
C00243,195,Acropaquia (dedos en palillo de tambor),Hipoxemia (pO2 ≤88 mmHg) en fibrosis quística,vpp;vpn,False,hallazgo,16610006;11434610;17392034,Sin valor predictivo observado recuperado para esta población
C00244,196,Tórax en tonel,Enfermedad pulmonar obstructiva crónica,vpp;vpn,False,hallazgo,,Sin valor predictivo observado recuperado para esta población
C00245,197,Relación de diámetros torácicos anteroposterior/lateral ≥0.9,Enfermedad pulmonar obstructiva crónica,vpp;vpn,False,hallazgo,,Sin valor predictivo observado recuperado para esta población
C00246,198,Respiración con labios fruncidos,Enfermedad pulmonar obstructiva crónica,vpp;vpn,False,hallazgo,,Sin valor predictivo observado recuperado para esta población
C00247,199,Uso de músculos accesorios: escalenos y esternocleidomastoideo,Enfermedad pulmonar obstructiva crónica,vpp;vpn,False,hallazgo,,Sin valor predictivo observado recuperado para esta población
C00249,200,Uso de músculos accesorios de la respiración,Enfermedad pulmonar obstructiva crónica,vpp;vpn,False,hallazgo,,Sin valor predictivo observado recuperado para esta población
C00250,201,Expansión torácica asimétrica a la palpación,Derrame pleural,vpp;vpn,False,hallazgo,6699126,Sin valor predictivo observado recuperado para esta población
C00251,202,Expansión torácica asimétrica a la palpación,Derrame pleural,vpp;vpn,False,hallazgo,,Sin valor predictivo observado recuperado para esta población
C00252,203,Movimientos asimétricos de la pared torácica después de la intubación,Derrame pleural,vpp;vpn,False,hallazgo,2509149,Sin valor predictivo observado recuperado para esta población
C00253,204,Disminución del frémito táctil (vocal),Derrame pleural,vpp;vpn,False,hallazgo,,Sin valor predictivo observado recuperado para esta población
C00254,205,Dolor a la palpación de la pared torácica,Derrame pleural,vpp;vpn,False,hallazgo,2642673,Sin valor predictivo observado recuperado para esta población
C00255,206,Dolor a la palpación de la pared torácica,Derrame pleural,vpp;vpn,False,hallazgo,15684025,Sin valor predictivo observado recuperado para esta población
C00256,207,Dolor a la palpación de la pared torácica,Derrame pleural,vpp;vpn,False,hallazgo,9326987;2717982;11376829;18558276,Sin valor predictivo observado recuperado para esta población
C00257,208,Dolor a la palpación de la pared torácica,Derrame pleural,vpp;vpn,False,hallazgo,2648786;3945181,Sin valor predictivo observado recuperado para esta población
C00258,209,Matidez a la percusión,Cualquier anormalidad en la radiografía de tórax,vpp;vpn,False,hallazgo,6699126;2221647;2745948,Sin valor predictivo observado recuperado para esta población
C00259,210,Matidez a la percusión,Cualquier anormalidad en la radiografía de tórax,vpp;vpn,False,hallazgo,2753659;3797828,Sin valor predictivo observado recuperado para esta población
C00260,211,Matidez a la percusión,Cualquier anormalidad en la radiografía de tórax,vpp;vpn,False,hallazgo,,Sin valor predictivo observado recuperado para esta población
C00261,212,Hipersonoridad a la percusión,Cualquier anormalidad en la radiografía de tórax,vpp;vpn,False,hallazgo,8430714,Sin valor predictivo observado recuperado para esta población
C00262,213,Excursión diafragmática menor de 2 cm a la percusión,Cualquier anormalidad en la radiografía de tórax,vpp;vpn,False,hallazgo,8430714,Sin valor predictivo observado recuperado para esta población
C00263,214,Matidez anormal en la percusión auscultatoria,Cualquier anormalidad en la radiografía de tórax,vpp;vpn,False,hallazgo,2753659;3797828,Sin valor predictivo observado recuperado para esta población
C00264,215,Matidez anormal en la percusión auscultatoria,Cualquier anormalidad en la radiografía de tórax,vpp;vpn,False,hallazgo,8164080,Sin valor predictivo observado recuperado para esta población
C00265,216,Puntaje de intensidad del murmullo vesicular ≤9 puntos,Enfermedad pulmonar obstructiva crónica,ln;vpp;vpn,False,ordinal,954460;684671,Categoría ordinal: no inferir LR−/VPN de un umbral binario; Sin valor predictivo observado recuperado para esta población; Cifra no recuperada para la misma definición; revisar fuente y umbral
C00266,217,Puntaje de intensidad del murmullo vesicular de 10 a 12 puntos,Enfermedad pulmonar obstructiva crónica,sp;ln;vpp;vpn,False,ordinal,954460;684671,Categoría ordinal: no inferir LR−/VPN de un umbral binario; Sin valor predictivo observado recuperado para esta población; Cifra no recuperada para la misma definición; revisar fuente y umbral
C00267,218,Puntaje de intensidad del murmullo vesicular de 13 a 15 puntos,Enfermedad pulmonar obstructiva crónica,sp;ln;vpp;vpn,False,ordinal,954460;684671,Categoría ordinal: no inferir LR−/VPN de un umbral binario; Sin valor predictivo observado recuperado para esta población; Cifra no recuperada para la misma definición; revisar fuente y umbral
C00268,219,Puntaje de intensidad del murmullo vesicular ≥16 puntos,Enfermedad pulmonar obstructiva crónica,ln;vpp;vpn,False,ordinal,954460;684671,Categoría ordinal: no inferir LR−/VPN de un umbral binario; Sin valor predictivo observado recuperado para esta población; Cifra no recuperada para la misma definición; revisar fuente y umbral
C00269,220,Disminución del murmullo vesicular,Enfermedad pulmonar obstructiva crónica,vpp;vpn,False,hallazgo,,Sin valor predictivo observado recuperado para esta población
C00270,221,Disminución del murmullo vesicular,Enfermedad pulmonar obstructiva crónica,vpp;vpn,False,hallazgo,8430714;12171846,Sin valor predictivo observado recuperado para esta población
C00271,222,Disminución del murmullo vesicular en el paciente con ventilación mecánica,Derrame pleural en pacientes ventilados con SDRA,vpp;vpn,False,hallazgo,14695718,Sin valor predictivo observado recuperado para esta población
C00272,223,Disminución del murmullo vesicular durante la prueba de reto con metacolina,Enfermedad pulmonar obstructiva crónica,vpp;vpn,False,hallazgo,9135854,Sin valor predictivo observado recuperado para esta población
C00273,224,Disminución del murmullo vesicular,Enfermedad pulmonar obstructiva crónica,vpp;vpn,False,hallazgo,2221647;2745948,Sin valor predictivo observado recuperado para esta población
C00274,225,Asimetría del murmullo vesicular después de la intubación,Intubación del bronquio principal derecho,vpp;vpn,False,hallazgo,2509149;16563329,Sin valor predictivo observado recuperado para esta población
C00275,226,Soplo tubario (respiración bronquial),Enfermedad pulmonar obstructiva crónica,vpp;vpn,False,hallazgo,2221647,Sin valor predictivo observado recuperado para esta población
C00276,227,Egofonía,Enfermedad pulmonar obstructiva crónica,vpp;vpn,False,hallazgo,2221647;2745948;6699126,Sin valor predictivo observado recuperado para esta población
C00277,228,Disminución de la resonancia vocal,Derrame pleural,vpp;vpn,False,hallazgo,,Sin valor predictivo observado recuperado para esta población
C00278,229,Estertores crepitantes,Estertores crepitantes y sibilancias,vpp;vpn,False,hallazgo,8511731,Sin valor predictivo observado recuperado para esta población
C00280,230,Estertores crepitantes (para detectar infarto de miocardio en pacientes con dolor torácico),Estertores crepitantes y sibilancias,vpp;vpn,False,hallazgo,1952470;3945181,Sin valor predictivo observado recuperado para esta población
C00281,231,Estertores crepitantes (para detectar neumonía en pacientes con tos y fiebre),Estertores crepitantes y sibilancias,vpp;vpn,False,hallazgo,2221647;2745948;6699126;2642673,Sin valor predictivo observado recuperado para esta población
C00282,232,"Estertores crepitantes protoinspiratorios, al inicio de la inspiración (para detectar obstrucción crónica al flujo aéreo en pacientes con estertores)",Estertores crepitantes y sibilancias,vpp;vpn,False,hallazgo,7952555,Sin valor predictivo observado recuperado para esta población
C00283,233,Estertores crepitantes protoinspiratorios (para detectar enfermedad grave en pacientes con obstrucción crónica al flujo aéreo),Estertores crepitantes y sibilancias,vpp;vpn,False,hallazgo,,Sin valor predictivo observado recuperado para esta población
C00284,234,"Sibilancias espontáneas en respiración tranquila, sin espiración forzada (para detectar obstrucción crónica al flujo aéreo)",Estertores crepitantes y sibilancias,vpp;vpn,False,hallazgo,8430714;12171846;10770147;12220364,Sin valor predictivo observado recuperado para esta población
C00285,235,Sibilancias espontáneas en respiración tranquila (para detectar neumonía en pacientes con tos y fiebre),Estertores crepitantes y sibilancias,vpp;vpn,False,hallazgo,2221647;2745948;2642673,Sin valor predictivo observado recuperado para esta población
C00286,236,Sibilancias espontáneas en respiración tranquila (para detectar tromboembolia pulmonar),Estertores crepitantes y sibilancias,vpp;vpn,False,hallazgo,12637130;16607053,Sin valor predictivo observado recuperado para esta población
C00287,237,Sibilancias durante la prueba de reto con metacolina (para detectar asma),Estertores crepitantes y sibilancias,vpp;vpn,False,hallazgo,9135854,Sin valor predictivo observado recuperado para esta población
C00288,238,Frote pleural (para detectar tromboembolia pulmonar),Estertores crepitantes y sibilancias,vpp;vpn,False,hallazgo,,Sin valor predictivo observado recuperado para esta población
C00289,239,Frote pleural (para detectar derrame pleural),Estertores crepitantes y sibilancias,vpp;vpn,False,hallazgo,,Sin valor predictivo observado recuperado para esta población
C00290,240,Tiempo espiratorio forzado menor de 3 segundos,Pruebas auxiliares para obstrucción crónica al flujo aéreo,ln;vpp;vpn,False,ordinal,,Categoría ordinal: no inferir LR−/VPN de un umbral binario; Sin valor predictivo observado recuperado para esta población; Cifra no recuperada para la misma definición; revisar fuente y umbral
C00291,241,Tiempo espiratorio forzado de 3 a 9 segundos,Pruebas auxiliares para obstrucción crónica al flujo aéreo,sp;ln;vpp;vpn,False,ordinal,,Categoría ordinal: no inferir LR−/VPN de un umbral binario; Sin valor predictivo observado recuperado para esta población; Cifra no recuperada para la misma definición; revisar fuente y umbral
C00292,242,Tiempo espiratorio forzado de 9 segundos o más,Pruebas auxiliares para obstrucción crónica al flujo aéreo,ln;vpp;vpn,False,ordinal,,Categoría ordinal: no inferir LR−/VPN de un umbral binario; Sin valor predictivo observado recuperado para esta población; Cifra no recuperada para la misma definición; revisar fuente y umbral
C00293,243,Prueba de apagar el cerillo de Snider (para detectar FEV1 de 1.6 L o menos),Pruebas auxiliares para obstrucción crónica al flujo aéreo,vpp;vpn,False,hallazgo,,Sin valor predictivo observado recuperado para esta población
C00294,244,Caquexia,Neumonía,vpp;vpn,False,hallazgo,6699126,Sin valor predictivo observado recuperado para esta población
C00295,245,Estado mental alterado,Neumonía,vpp;vpn,False,hallazgo,2221647;2745948,Sin valor predictivo observado recuperado para esta población
C00296,246,Frecuencia cardiaca mayor de 100 latidos por minuto (taquicardia),Neumonía,vpp;vpn,False,hallazgo,6699126;2221647;2745948;17606087,Sin valor predictivo observado recuperado para esta población
C00297,247,Temperatura >37.8 °C,Neumonía,vpp;vpn,False,hallazgo,6699126;2221647;2745948;17606087;2642673;18211312,Sin valor predictivo observado recuperado para esta población
C00298,248,Frecuencia respiratoria >28 rpm,Neumonía,vpp;vpn,False,hallazgo,2745948,Sin valor predictivo observado recuperado para esta población
C00299,249,Saturación de oxígeno menor de 95% por oximetría de pulso,Neumonía,vpp;vpn,False,hallazgo,2745948;17606087;18211312,Sin valor predictivo observado recuperado para esta población
C00300,250,Todos los signos vitales normales,Neumonía,vpp;vpn,False,hallazgo,2745948;17606087;1952308;17452700,Sin valor predictivo observado recuperado para esta población
C00301,251,Expansibilidad torácica asimétrica,Neumonía,vpp;vpn,False,hallazgo,6699126,Sin valor predictivo observado recuperado para esta población
C00302,252,Dolor a la palpación de la pared torácica,Neumonía,vpp;vpn,False,hallazgo,2642673,Sin valor predictivo observado recuperado para esta población
C00304,253,Disminución del murmullo vesicular,Neumonía,vpp;vpn,False,hallazgo,2221647;2745948,Sin valor predictivo observado recuperado para esta población
C00305,254,Soplo tubario (ruido respiratorio bronquial en la periferia del pulmón),Neumonía,vpp;vpn,False,hallazgo,2221647,Sin valor predictivo observado recuperado para esta población
C00306,255,Egofonía,Neumonía,vpp;vpn,False,hallazgo,6699126;2221647;2745948,Sin valor predictivo observado recuperado para esta población
C00307,256,Estertores crepitantes,Neumonía,vpp;vpn,False,hallazgo,6699126;2221647;2745948;2642673,Sin valor predictivo observado recuperado para esta población
C00308,257,Sibilancias,Neumonía,vpp;vpn,False,hallazgo,2221647;2745948;2642673,Sin valor predictivo observado recuperado para esta población
C00309,258,0 o 1 hallazgos presentes (conteo de hallazgos clínicos y pulmonares),Neumonía,ln;vpp;vpn,False,ordinal,2221647;1952308,Categoría ordinal: no inferir LR−/VPN de un umbral binario; Sin valor predictivo observado recuperado para esta población; Cifra no recuperada para la misma definición; revisar fuente y umbral
C00310,259,2 o 3 hallazgos presentes (conteo de hallazgos clínicos y pulmonares),Neumonía,sp;ln;vpp;vpn,False,ordinal,2221647;1952308,Categoría ordinal: no inferir LR−/VPN de un umbral binario; Sin valor predictivo observado recuperado para esta población; Cifra no recuperada para la misma definición; revisar fuente y umbral
C00311,260,4 o 5 hallazgos presentes (conteo de hallazgos clínicos y pulmonares),Neumonía,ln;vpp;vpn,False,ordinal,2221647;1952308,Categoría ordinal: no inferir LR−/VPN de un umbral binario; Sin valor predictivo observado recuperado para esta población; Cifra no recuperada para la misma definición; revisar fuente y umbral
C00312,261,Estado mental alterado,Neumonía: predictores de mortalidad hospitalaria,vpp;vpn,False,hallazgo,3389247;10320113;10515416;8977602;16638769,Sin valor predictivo observado recuperado para esta población
C00313,262,Frecuencia cardiaca mayor de 100 latidos por minuto (taquicardia),Neumonía: predictores de mortalidad hospitalaria,vpp;vpn,False,hallazgo,3389247,Sin valor predictivo observado recuperado para esta población
C00314,263,Presión arterial sistólica menor de 90 mmHg (hipotensión),Neumonía: predictores de mortalidad hospitalaria,vpp;vpn,False,hallazgo,10320113;3965559;6474390;18492742,Sin valor predictivo observado recuperado para esta población
C00315,264,Hipotermia,Neumonía: predictores de mortalidad hospitalaria,vpp;vpn,False,hallazgo,10320113;6474390,Sin valor predictivo observado recuperado para esta población
C00316,265,Frecuencia respiratoria >30 rpm,Neumonía: predictores de mortalidad hospitalaria,vpp;vpn,False,hallazgo,10320113;10515416;1872491;8100295,Sin valor predictivo observado recuperado para esta población
C00317,266,CURB-65: 0 puntos,Neumonía: predictores de mortalidad hospitalaria,ln;vpp;vpn,False,ordinal,15808136;16387948;11254821;17918017;19961875;17121867;19131448;18302806,Categoría ordinal: no inferir LR−/VPN de un umbral binario; Sin valor predictivo observado recuperado para esta población; Cifra no recuperada para la misma definición; revisar fuente y umbral
C00318,267,CURB-65: 1 puntos,Neumonía: predictores de mortalidad hospitalaria,sp;ln;vpp;vpn,False,ordinal,15808136;16387948;11254821;17918017;19961875;17121867;19131448;18302806,Categoría ordinal: no inferir LR−/VPN de un umbral binario; Sin valor predictivo observado recuperado para esta población; Cifra no recuperada para la misma definición; revisar fuente y umbral
C00319,268,CURB-65: 2 puntos,Neumonía: predictores de mortalidad hospitalaria,sp;ln;vpp;vpn,False,ordinal,15808136;16387948;11254821;17918017;19961875;17121867;19131448;18302806,Categoría ordinal: no inferir LR−/VPN de un umbral binario; Sin valor predictivo observado recuperado para esta población; Cifra no recuperada para la misma definición; revisar fuente y umbral
C00320,269,CURB-65: 3 puntos,Neumonía: predictores de mortalidad hospitalaria,sp;ln;vpp;vpn,False,ordinal,15808136;16387948;11254821;17918017;19961875;17121867;19131448;18302806,Categoría ordinal: no inferir LR−/VPN de un umbral binario; Sin valor predictivo observado recuperado para esta población; Cifra no recuperada para la misma definición; revisar fuente y umbral
C00321,270,CURB-65: 4 puntos,Neumonía: predictores de mortalidad hospitalaria,sp;ln;vpp;vpn,False,ordinal,15808136;16387948;11254821;17918017;19961875;17121867;19131448;18302806,Categoría ordinal: no inferir LR−/VPN de un umbral binario; Sin valor predictivo observado recuperado para esta población; Cifra no recuperada para la misma definición; revisar fuente y umbral
C00322,271,CURB-65: 5 puntos,Neumonía: predictores de mortalidad hospitalaria,ln;vpp;vpn,False,ordinal,15808136;16387948;11254821;17918017;19961875;17121867;19131448;18302806,Categoría ordinal: no inferir LR−/VPN de un umbral binario; Sin valor predictivo observado recuperado para esta población; Cifra no recuperada para la misma definición; revisar fuente y umbral
C00324,272,Índice de diámetro torácico anteroposterior/transverso ≥0.9 (tórax en tonel),Enfermedad pulmonar obstructiva crónica (EPOC),vpp;vpn,False,hallazgo,,Sin valor predictivo observado recuperado para esta población
C00325,273,Respiración con labios fruncidos,Enfermedad pulmonar obstructiva crónica (EPOC),vpp;vpn,False,hallazgo,,Sin valor predictivo observado recuperado para esta población
C00326,274,Uso de músculos accesorios: escalenos y esternocleidomastoideo,Enfermedad pulmonar obstructiva crónica (EPOC),vpp;vpn,False,hallazgo,,Sin valor predictivo observado recuperado para esta población
C00328,275,Descenso laríngeo mayor de 3 cm,Enfermedad pulmonar obstructiva crónica (EPOC),vpp;vpn,False,hallazgo,10770147,Sin valor predictivo observado recuperado para esta población
C00330,276,Impulso cardiaco subxifoideo,Enfermedad pulmonar obstructiva crónica (EPOC),vpp;vpn,False,hallazgo,8430714;8441077,Sin valor predictivo observado recuperado para esta población
C00331,277,Ausencia de matidez cardíaca en el borde esternal inferior izquierdo,Enfermedad pulmonar obstructiva crónica (EPOC),vpp;vpn,False,hallazgo,8430714,Sin valor predictivo observado recuperado para esta población
C00332,278,Hipersonoridad en la región anterior alta del hemitórax derecho,Enfermedad pulmonar obstructiva crónica (EPOC),vpp;vpn,False,hallazgo,8430714,Sin valor predictivo observado recuperado para esta población
C00333,279,Excursión diafragmática menor de 2 cm por percusión,Enfermedad pulmonar obstructiva crónica (EPOC),vpp;vpn,False,hallazgo,8430714,Sin valor predictivo observado recuperado para esta población
C00334,280,Disminución del murmullo vesicular,Enfermedad pulmonar obstructiva crónica (EPOC),vpp;vpn,False,hallazgo,8430714;12171846,Sin valor predictivo observado recuperado para esta población
C00335,281,Puntaje de intensidad del murmullo vesicular ≤9 puntos,Enfermedad pulmonar obstructiva crónica (EPOC),ln;vpp;vpn,False,ordinal,954460;684671,Categoría ordinal: no inferir LR−/VPN de un umbral binario; Sin valor predictivo observado recuperado para esta población; Cifra no recuperada para la misma definición; revisar fuente y umbral
C00336,282,Puntaje de intensidad del murmullo vesicular de 10 a 12 puntos,Enfermedad pulmonar obstructiva crónica (EPOC),sp;ln;vpp;vpn,False,ordinal,954460;684671,Categoría ordinal: no inferir LR−/VPN de un umbral binario; Sin valor predictivo observado recuperado para esta población; Cifra no recuperada para la misma definición; revisar fuente y umbral
C00337,283,Puntaje de intensidad del murmullo vesicular de 13 a 15 puntos,Enfermedad pulmonar obstructiva crónica (EPOC),sp;ln;vpp;vpn,False,ordinal,954460;684671,Categoría ordinal: no inferir LR−/VPN de un umbral binario; Sin valor predictivo observado recuperado para esta población; Cifra no recuperada para la misma definición; revisar fuente y umbral
C00338,284,Puntaje de intensidad del murmullo vesicular ≥16 puntos,Enfermedad pulmonar obstructiva crónica (EPOC),ln;vpp;vpn,False,ordinal,954460;684671,Categoría ordinal: no inferir LR−/VPN de un umbral binario; Sin valor predictivo observado recuperado para esta población; Cifra no recuperada para la misma definición; revisar fuente y umbral
C00339,285,Estertores crepitantes inspiratorios tempranos,Enfermedad pulmonar obstructiva crónica (EPOC),vpp;vpn,False,hallazgo,7952555,Sin valor predictivo observado recuperado para esta población
C00340,286,Sibilancias en respiración tranquila (sin espiración forzada),Enfermedad pulmonar obstructiva crónica (EPOC),vpp;vpn,False,hallazgo,8430714;8441077;10770147;12171846;12220364,Sin valor predictivo observado recuperado para esta población
C00341,287,Tiempo espiratorio forzado ≥9 segundos,Enfermedad pulmonar obstructiva crónica (EPOC),ln;vpp;vpn,False,ordinal,12220364;14097429,Categoría ordinal: no inferir LR−/VPN de un umbral binario; Sin valor predictivo observado recuperado para esta población; Cifra no recuperada para la misma definición; revisar fuente y umbral
C00342,288,Tiempo espiratorio forzado de 3 a 9 segundos,Enfermedad pulmonar obstructiva crónica (EPOC),sp;ln;vpp;vpn,False,ordinal,12220364;14097429,Categoría ordinal: no inferir LR−/VPN de un umbral binario; Sin valor predictivo observado recuperado para esta población; Cifra no recuperada para la misma definición; revisar fuente y umbral
C00343,289,Tiempo espiratorio forzado menor de 3 segundos,Enfermedad pulmonar obstructiva crónica (EPOC),ln;vpp;vpn,False,ordinal,12220364;14097429,Categoría ordinal: no inferir LR−/VPN de un umbral binario; Sin valor predictivo observado recuperado para esta población; Cifra no recuperada para la misma definición; revisar fuente y umbral
C00344,290,"Regla combinada para EPOC: 2 de 3 criterios (tabaquismo de 70 paquetes-año o más, antecedente referido de bronquitis crónica o enfisema, disminución del murmullo vesicular)",Enfermedad pulmonar obstructiva crónica (EPOC),vpp;vpn,False,hallazgo,8430714,Sin valor predictivo observado recuperado para esta población
C00345,291,"Escala BAP-65, clase I: ningún criterio BAP presente (BUN elevado, alteración del estado mental, taquicardia) y edad ≤65 años",Predicción de ventilación mecánica o mortalidad hospitalaria en EPOC (escala BAP-65),sn;sp;ln;vpn,False,ordinal,19786679,Categoría ordinal: no inferir LR−/VPN de un umbral binario; Sin valor predictivo observado recuperado para esta población; Cifra no recuperada para la misma definición; revisar fuente y umbral
C00346,292,"Escala BAP-65, clase II: ningún criterio BAP presente y edad mayor de 65 años",Predicción de ventilación mecánica o mortalidad hospitalaria en EPOC (escala BAP-65),sn;sp;ln;vpn,False,ordinal,19786679,Categoría ordinal: no inferir LR−/VPN de un umbral binario; Sin valor predictivo observado recuperado para esta población; Cifra no recuperada para la misma definición; revisar fuente y umbral
C00347,293,"Escala BAP-65, clase III: 1 criterio BAP presente",Predicción de ventilación mecánica o mortalidad hospitalaria en EPOC (escala BAP-65),sn;sp;ln;vpn,False,ordinal,19786679,Categoría ordinal: no inferir LR−/VPN de un umbral binario; Sin valor predictivo observado recuperado para esta población; Cifra no recuperada para la misma definición; revisar fuente y umbral
C00348,294,"Escala BAP-65, clase IV: 2 criterios BAP presentes",Predicción de ventilación mecánica o mortalidad hospitalaria en EPOC (escala BAP-65),sn;sp;ln;vpn,False,ordinal,19786679,Categoría ordinal: no inferir LR−/VPN de un umbral binario; Sin valor predictivo observado recuperado para esta población; Cifra no recuperada para la misma definición; revisar fuente y umbral
C00349,295,"Escala BAP-65, clase V: 3 criterios BAP presentes",Predicción de ventilación mecánica o mortalidad hospitalaria en EPOC (escala BAP-65),sn;sp;ln;vpn,False,ordinal,19786679,Categoría ordinal: no inferir LR−/VPN de un umbral binario; Sin valor predictivo observado recuperado para esta población; Cifra no recuperada para la misma definición; revisar fuente y umbral
C00350,296,Diaforesis,Tromboembolia pulmonar,vpp;vpn,False,hallazgo,,Sin valor predictivo observado recuperado para esta población
C00351,297,Cianosis,Tromboembolia pulmonar,vpp;vpn,False,hallazgo,,Sin valor predictivo observado recuperado para esta población
C00352,298,Frecuencia cardíaca mayor de 100 latidos por minuto (taquicardia),Tromboembolia pulmonar,vpp;vpn,False,hallazgo,12637130;15758840;11146703,Sin valor predictivo observado recuperado para esta población
C00353,299,Presión arterial sistólica ≤100 mmHg,Tromboembolia pulmonar,vpp;vpn,False,hallazgo,11146703,Sin valor predictivo observado recuperado para esta población
C00354,300,Temperatura >38 °C,Tromboembolia pulmonar,vpp;vpn,False,hallazgo,12637130;15758840;11146703,Sin valor predictivo observado recuperado para esta población
C00355,301,Frecuencia respiratoria mayor de 30 respiraciones por minuto,Tromboembolia pulmonar,vpp;vpn,False,hallazgo,11146703,Sin valor predictivo observado recuperado para esta población
C00356,302,Uso de músculos accesorios de la respiración,Tromboembolia pulmonar,vpp;vpn,False,hallazgo,,Sin valor predictivo observado recuperado para esta población
C00357,303,Estertores crepitantes,Tromboembolia pulmonar,vpp;vpn,False,hallazgo,16607053,Sin valor predictivo observado recuperado para esta población
C00358,304,Sibilancias,Tromboembolia pulmonar,vpp;vpn,False,hallazgo,12637130;16607053,Sin valor predictivo observado recuperado para esta población
C00359,305,Frote pleural,Tromboembolia pulmonar,vpp;vpn,False,hallazgo,,Sin valor predictivo observado recuperado para esta población
C00360,306,Ingurgitación yugular,Tromboembolia pulmonar,vpp;vpn,False,hallazgo,16607053,Sin valor predictivo observado recuperado para esta población
C00361,307,Levantamiento paraesternal izquierdo,Tromboembolia pulmonar,vpp;vpn,False,hallazgo,,Sin valor predictivo observado recuperado para esta población
C00362,308,Componente pulmonar del segundo ruido (P2) intenso,Tromboembolia pulmonar,vpp;vpn,False,hallazgo,,Sin valor predictivo observado recuperado para esta población
C00363,309,Galope de nueva aparición (tercer o cuarto ruido),Tromboembolia pulmonar,vpp;vpn,False,hallazgo,,Sin valor predictivo observado recuperado para esta población
C00364,310,Dolor a la palpación de la pared torácica,Tromboembolia pulmonar,vpp;vpn,False,hallazgo,15684025,Sin valor predictivo observado recuperado para esta población
C00365,311,Dolor o aumento de volumen unilateral de la pantorrilla,Tromboembolia pulmonar,vpp;vpn,False,hallazgo,11823768;12637130;15758840;16607053;7705157,Sin valor predictivo observado recuperado para esta población
C00368,312,Escala de Wells para tromboembolia pulmonar: 7 puntos o más (probabilidad alta),Tromboembolia pulmonar,ln;vpp;vpn,False,ordinal,15758840;12361811;11453709;15520710;16243195;18931619;17973649;20214691,Categoría ordinal: no inferir LR−/VPN de un umbral binario; Sin valor predictivo observado recuperado para esta población; Cifra no recuperada para la misma definición; revisar fuente y umbral
C00372,313,Expansión torácica asimétrica,Derrame pleural,vpp;vpn,False,hallazgo,,Sin valor predictivo observado recuperado para esta población
C00373,314,Disminución del frémito táctil (vocal),Derrame pleural,vpp;vpn,False,hallazgo,,Sin valor predictivo observado recuperado para esta población
C00375,315,Percusión auscultatoria anormal (método de Guarino),Derrame pleural,vpp;vpn,False,hallazgo,8164080,Sin valor predictivo observado recuperado para esta población
C00376,316,Murmullo vesicular disminuido o ausente,Derrame pleural,vpp;vpn,False,hallazgo,,Sin valor predictivo observado recuperado para esta población
C00377,317,Disminución de la resonancia vocal,Derrame pleural,vpp;vpn,False,hallazgo,,Sin valor predictivo observado recuperado para esta población
C00378,318,Estertores crepitantes,Derrame pleural,vpp;vpn,False,hallazgo,,Sin valor predictivo observado recuperado para esta población
C00379,319,Frote pleural,Derrame pleural,vpp;vpn,False,hallazgo,,Sin valor predictivo observado recuperado para esta población
C00380,320,Presión venosa yugular estimada elevada a la inspección (para detectar PVC medida >8 cm de agua),Inspección de las venas del cuello,vpp;vpn,False,hallazgo,4812363;6650420;17060544,Sin valor predictivo observado recuperado para esta población
C00381,321,Presión venosa yugular estimada elevada a la inspección (para detectar PVC medida >12 cm de agua),Inspección de las venas del cuello,vpp;vpn,False,hallazgo,4812363;6650420,Sin valor predictivo observado recuperado para esta población
C00382,322,Presión venosa yugular estimada elevada a la inspección (para detectar presiones diastólicas elevadas del corazón izquierdo),Inspección de las venas del cuello,vpp;vpn,False,hallazgo,8409071;7437198;835934,Sin valor predictivo observado recuperado para esta población
C00383,323,Presión venosa yugular estimada elevada a la inspección (para detectar fracción de expulsión del ventrículo izquierdo baja),Inspección de las venas del cuello,vpp;vpn,False,hallazgo,9205668;17827466,Sin valor predictivo observado recuperado para esta población
C00384,324,Presión venosa yugular estimada elevada a la inspección (para detectar infarto del miocardio en el paciente con dolor torácico),Inspección de las venas del cuello,vpp;vpn,False,hallazgo,1952470,Sin valor predictivo observado recuperado para esta población
C00385,325,Presión venosa yugular estimada elevada a la inspección (para predecir edema pulmonar posoperatorio),Inspección de las venas del cuello,vpp;vpn,False,hallazgo,904659;661558,Sin valor predictivo observado recuperado para esta población
C00386,326,Presión venosa yugular estimada elevada a la inspección (para predecir infarto del miocardio o muerte cardiaca posoperatorios),Inspección de las venas del cuello,vpp;vpn,False,hallazgo,904659;661558,Sin valor predictivo observado recuperado para esta población
C00387,327,Presión venosa yugular estimada baja (para detectar PVC medida ≤5 cm de agua),Inspección de las venas del cuello,vpp;vpn,False,hallazgo,17060544,Sin valor predictivo observado recuperado para esta población
C00388,328,Reflujo abdominoyugular positivo (para detectar presiones diastólicas elevadas del corazón izquierdo),Inspección de las venas del cuello,vpp;vpn,False,hallazgo,8409071;2220606;3415106,Sin valor predictivo observado recuperado para esta población
C00389,329,Movimiento sistólico temprano del pulso venoso yugular (onda CV o onda v gigante) (para detectar insuficiencia tricuspídea moderada a grave),Inspección de las venas del cuello,vpp;vpn,False,hallazgo,20920693,Sin valor predictivo observado recuperado para esta población
C00390,330,Matidez cardiaca aumentada a la percusión (para detectar índice cardiotorácico >0.5),Percusión del corazón,vpp;vpn,False,hallazgo,,Sin valor predictivo observado recuperado para esta población
C00391,331,Matidez cardiaca a la percusión que rebasa la línea medioclavicular (para detectar volumen telediastólico del ventrículo izquierdo aumentado),Percusión del corazón,vpp;vpn,False,hallazgo,,Sin valor predictivo observado recuperado para esta población
C00392,332,Matidez cardiaca que rebasa la línea medioclavicular con el paciente sentado (para detectar índice cardiotorácico >0.5),Percusión del corazón,vpp;vpn,False,hallazgo,,Sin valor predictivo observado recuperado para esta población
C00393,333,Impulso apical palpable anormal en tamaño o posición (para detectar índice cardiotorácico >0.5),Tamaño y posición del impulso apical palpable,vpp;vpn,False,hallazgo,1833957;2563789;2570201,Sin valor predictivo observado recuperado para esta población
C00394,334,Impulso apical de tamaño aumentado a la palpación (para detectar fracción de expulsión baja),Tamaño y posición del impulso apical palpable,vpp;vpn,False,hallazgo,6826952;17827466,Sin valor predictivo observado recuperado para esta población
C00395,335,Impulso apical de tamaño aumentado a la palpación (para detectar volumen telediastólico del ventrículo izquierdo aumentado),Tamaño y posición del impulso apical palpable,vpp;vpn,False,hallazgo,20206080;2591393,Sin valor predictivo observado recuperado para esta población
C00396,336,Impulso apical de tamaño aumentado a la palpación (para detectar presión capilar pulmonar en cuña >12 mm Hg),Tamaño y posición del impulso apical palpable,vpp;vpn,False,hallazgo,2591393,Sin valor predictivo observado recuperado para esta población
C00397,337,Impulso apical en decúbito supino a más de 10 cm de la línea medioesternal (para detectar índice cardiotorácico >0.5),Tamaño y posición del impulso apical palpable,vpp;vpn,False,hallazgo,1835287;2563789;2570201,Sin valor predictivo observado recuperado para esta población
C00399,338,Movimiento apical palpable anormal en pacientes con estenosis mitral (para detectar insuficiencia mitral o valvulopatía aórtica asociadas),Movimientos palpables anormales del precordio,vpp;vpn,False,hallazgo,13149911,Sin valor predictivo observado recuperado para esta población
C00400,339,Impulso apical sostenido o doble (para detectar hipertrofia ventricular izquierda),Movimientos palpables anormales del precordio,vpp;vpn,False,hallazgo,20206080,Sin valor predictivo observado recuperado para esta población
C00401,340,Impulso apical sostenido (para detectar estenosis aórtica grave en pacientes con soplo de expulsión aórtico),Movimientos palpables anormales del precordio,vpp;vpn,False,hallazgo,4083081,Sin valor predictivo observado recuperado para esta población
C00402,341,Impulso apical sostenido (para detectar insuficiencia aórtica moderada a grave en pacientes con soplo diastólico temprano en la base),Movimientos palpables anormales del precordio,vpp;vpn,False,hallazgo,14325909,Sin valor predictivo observado recuperado para esta población
C00403,342,Pulsaciones en la porción baja del esternón (para detectar insuficiencia tricuspídea moderada a grave),Movimientos palpables anormales del precordio,vpp;vpn,False,hallazgo,20920693,Sin valor predictivo observado recuperado para esta población
C00404,343,Levantamiento paraesternal izquierdo bajo sostenido (levantamiento del ventrículo derecho) (para detectar presión sistólica máxima del ventrículo derecho ≥50 mm Hg),Movimientos palpables anormales del precordio,vpp;vpn,False,hallazgo,14222541,Sin valor predictivo observado recuperado para esta población
C00405,344,Balanceo ventricular derecho (levantamiento paraesternal derecho con retracción apical simultánea) (para detectar insuficiencia tricuspídea moderada a grave),Movimientos palpables anormales del precordio,vpp;vpn,False,hallazgo,20920693,Sin valor predictivo observado recuperado para esta población
C00406,345,Hígado pulsátil (para detectar insuficiencia tricuspídea moderada a grave),Movimientos palpables anormales del precordio,vpp;vpn,False,hallazgo,20920693,Sin valor predictivo observado recuperado para esta población
C00407,346,Hígado pulsátil (para detectar hipertensión pulmonar en pacientes con estenosis mitral),Movimientos palpables anormales del precordio,vpp;vpn,False,hallazgo,,Sin valor predictivo observado recuperado para esta población
C00409,347,Desdoblamiento amplio y fijo del segundo ruido (S2) (para detectar comunicación interauricular),Primer y segundo ruidos cardiacos,vpp;vpn,False,hallazgo,13585583,Sin valor predictivo observado recuperado para esta población
C00410,348,Desdoblamiento paradójico del segundo ruido (S2) (para detectar estenosis aórtica significativa),Primer y segundo ruidos cardiacos,vpp;vpn,False,hallazgo,3497570,Sin valor predictivo observado recuperado para esta población
C00411,349,"Componente pulmonar del segundo ruido (P2) intenso, para detectar hipertensión pulmonar",Hipertensión pulmonar,vpp;vpn,False,hallazgo,13228356,Sin valor predictivo observado recuperado para esta población
C00412,350,"Desdoblamiento paradójico del segundo ruido (S2) (para detectar hipertensión pulmonar, segunda serie)",Primer y segundo ruidos cardiacos,vpp;vpn,False,hallazgo,,Sin valor predictivo observado recuperado para esta población
C00414,351,Tercer ruido cardiaco (S3) para detectar fracción de expulsión <0.5,Tercer y cuarto ruidos cardiacos,vpp;vpn,False,hallazgo,6826952;16567599,Sin valor predictivo observado recuperado para esta población
C00415,352,Tercer ruido cardiaco (S3) para detectar fracción de expulsión <0.3,Tercer y cuarto ruidos cardiacos,vpp;vpn,False,hallazgo,6826952,Sin valor predictivo observado recuperado para esta población
C00416,353,"Tercer ruido cardiaco (S3, galope ventricular) (para detectar presiones de llenado elevadas del corazón izquierdo)",Tercer y cuarto ruidos cardiacos,vpp;vpn,False,hallazgo,16567599;2591393;7437198;835934,Sin valor predictivo observado recuperado para esta población
C00418,354,"Tercer ruido cardiaco (S3, galope ventricular) (para detectar infarto del miocardio en pacientes con dolor torácico agudo)",Tercer y cuarto ruidos cardiacos,vpp;vpn,False,hallazgo,3945181,Sin valor predictivo observado recuperado para esta población
C00419,355,"Tercer ruido cardiaco (S3, galope ventricular) (para predecir edema pulmonar posoperatorio)",Tercer y cuarto ruidos cardiacos,vpp;vpn,False,hallazgo,904659;661558,Sin valor predictivo observado recuperado para esta población
C00420,356,"Tercer ruido cardiaco (S3, galope ventricular) (para predecir infarto del miocardio o muerte cardiaca posoperatorios)",Tercer y cuarto ruidos cardiacos,vpp;vpn,False,hallazgo,904659;661558,Sin valor predictivo observado recuperado para esta población
C00421,357,"Cuarto ruido cardiaco (S4, galope auricular) (para predecir la mortalidad a 5 años tras un infarto del miocardio)",Tercer y cuarto ruidos cardiacos,vpp;vpn,False,hallazgo,9294993,Sin valor predictivo observado recuperado para esta población
C00422,358,"Cuarto ruido cardiaco (S4, galope auricular) (para detectar presiones de llenado elevadas del corazón izquierdo)",Tercer y cuarto ruidos cardiacos,vpp;vpn,False,hallazgo,7437198;19215005,Sin valor predictivo observado recuperado para esta población
C00423,359,"Cuarto ruido cardiaco (S4, galope auricular) (para detectar estenosis aórtica grave)",Tercer y cuarto ruidos cardiacos,vpp;vpn,False,hallazgo,3497570;1112012,Sin valor predictivo observado recuperado para esta población
C00424,360,Soplo funcional (para detectar ecocardiograma normal),Ecocardiograma normal,vpp;vpn,False,hallazgo,8677874;10856408,Sin valor predictivo observado recuperado para esta población
C00426,361,Soplo sistólico característico de estenosis aórtica (para detectar estenosis aórtica grave),Soplos y valvulopatías,vpp;vpn,False,hallazgo,20920693;3751938,Sin valor predictivo observado recuperado para esta población
C00427,362,Soplo sistólico característico de insuficiencia mitral (para detectar insuficiencia mitral leve o mayor),Soplos y valvulopatías,vpp;vpn,False,hallazgo,3081582;2774371,Sin valor predictivo observado recuperado para esta población
C00428,363,Soplo sistólico característico de insuficiencia mitral (para detectar insuficiencia mitral moderada a grave),Soplos y valvulopatías,vpp;vpn,False,hallazgo,20920693;3081582;2774371,Sin valor predictivo observado recuperado para esta población
C00435,364,Soplo diastólico característico de insuficiencia pulmonar (para detectar insuficiencia pulmonar),Soplos y valvulopatías,vpp;vpn,False,hallazgo,2774371,Sin valor predictivo observado recuperado para esta población
C00439,367,Primer ruido cardiaco (S1) inaudible en el ápex,Estenosis aórtica (velocidad máxima ≥2.5 m/s),sn;sp;vpp;vpn,False,hallazgo,20920693,Sin valor predictivo observado recuperado para esta población; Cifra no recuperada para la misma definición; revisar fuente y umbral
C00440,368,Segundo ruido cardiaco (S2) inaudible,Estenosis aórtica (velocidad máxima ≥2.5 m/s),sn;sp;vpp;vpn,False,hallazgo,20920693,Sin valor predictivo observado recuperado para esta población; Cifra no recuperada para la misma definición; revisar fuente y umbral
C00441,369,Segundo ruido cardiaco (S2) intenso o reforzado,Estenosis aórtica (velocidad máxima ≥2.5 m/s),sn;sp;vpp;vpn,False,hallazgo,20920693,Sin valor predictivo observado recuperado para esta población; Cifra no recuperada para la misma definición; revisar fuente y umbral
C00442,370,Irradiación del soplo sistólico al cuello,Estenosis aórtica (velocidad máxima ≥2.5 m/s),sn;sp;vpp;vpn,False,hallazgo,20920693,Sin valor predictivo observado recuperado para esta población; Cifra no recuperada para la misma definición; revisar fuente y umbral
C00443,371,Soplo mesosistólico o protosistólico (momento del soplo),Estenosis aórtica (velocidad máxima ≥2.5 m/s),sn;sp;vpp;vpn,False,hallazgo,20920693,Sin valor predictivo observado recuperado para esta población; Cifra no recuperada para la misma definición; revisar fuente y umbral
C00444,372,Soplo sistólico prolongado u holosistólico,Estenosis aórtica (velocidad máxima ≥2.5 m/s),sn;sp;vpp;vpn,False,hallazgo,20920693,Sin valor predictivo observado recuperado para esta población; Cifra no recuperada para la misma definición; revisar fuente y umbral
C00445,373,Soplo de timbre rudo o áspero,Estenosis aórtica (velocidad máxima ≥2.5 m/s),sn;sp;vpp;vpn,False,hallazgo,20920693,Sin valor predictivo observado recuperado para esta población; Cifra no recuperada para la misma definición; revisar fuente y umbral
C00446,374,Intensidad del soplo sin cambio en el latido que sigue a una pausa (pulso irregular),Estenosis aórtica (velocidad máxima ≥2.5 m/s),sn;sp;vpp;vpn,False,hallazgo,20920693,Sin valor predictivo observado recuperado para esta población; Cifra no recuperada para la misma definición; revisar fuente y umbral
C00449,375,Soplo que aumenta al pasar de cuclillas a bipedestación (detección de miocardiopatía hipertrófica),Soplos sistólicos y maniobras,vpp;vpn,False,hallazgo,2897627,Sin valor predictivo observado recuperado para esta población
C00450,376,Soplo que disminuye al pasar de bipedestación a cuclillas (detección de miocardiopatía hipertrófica),Soplos sistólicos y maniobras,vpp;vpn,False,hallazgo,2897627;6028100,Sin valor predictivo observado recuperado para esta población
C00451,377,Soplo que disminuye con la elevación pasiva de las piernas (detección de miocardiopatía hipertrófica),Soplos sistólicos y maniobras,vpp;vpn,False,hallazgo,2897627,Sin valor predictivo observado recuperado para esta población
C00452,378,Soplo que disminuye con el apretón de manos isométrico (detección de miocardiopatía hipertrófica),Soplos sistólicos y maniobras,vpp;vpn,False,hallazgo,2897627,Sin valor predictivo observado recuperado para esta población
C00454,379,Soplo que aumenta con la oclusión arterial transitoria de ambos brazos (detección de insuficiencia mitral o comunicación interventricular),Soplos sistólicos y maniobras,vpp;vpn,False,hallazgo,2897627,Sin valor predictivo observado recuperado para esta población
C00455,380,Soplo que disminuye con la inhalación de nitrito de amilo (detección de insuficiencia mitral o comunicación interventricular),Soplos sistólicos y maniobras,vpp;vpn,False,hallazgo,2897627;5064766;5906566;13523009,Sin valor predictivo observado recuperado para esta población
C00457,381,Soplo sistólico aórtico (detección de estenosis aórtica grave),Soplo de estenosis aórtica,vpp;vpn,False,hallazgo,20920693;3751938,Sin valor predictivo observado recuperado para esta población
C00459,382,Amplitud disminuida del pulso carotídeo,Características de la estenosis aórtica grave (todos los pacientes tienen soplo aórtico),vpp;vpn,False,hallazgo,20920693;4083081;3728503,Sin valor predictivo observado recuperado para esta población
C00460,383,Retraso braquiorradial,Características de la estenosis aórtica grave (todos los pacientes tienen soplo aórtico),vpp;vpn,False,hallazgo,1971044,Sin valor predictivo observado recuperado para esta población
C00461,384,Impulso apical sostenido,Características de la estenosis aórtica grave (todos los pacientes tienen soplo aórtico),vpp;vpn,False,hallazgo,4083081,Sin valor predictivo observado recuperado para esta población
C00463,385,Segundo ruido cardiaco (S2) ausente o disminuido,Características de la estenosis aórtica grave (todos los pacientes tienen soplo aórtico),vpp;vpn,False,hallazgo,20920693;1826070;3728503;3497570;6232839,Sin valor predictivo observado recuperado para esta población
C00464,386,Galope por cuarto ruido (S4),Características de la estenosis aórtica grave (todos los pacientes tienen soplo aórtico),vpp;vpn,False,hallazgo,3497570;1112012,Sin valor predictivo observado recuperado para esta población
C00465,387,Soplo de intensidad grado 3/6 o mayor,Características de la estenosis aórtica grave (todos los pacientes tienen soplo aórtico),vpp;vpn,False,hallazgo,20920693;1889444,Sin valor predictivo observado recuperado para esta población
C00467,388,Soplo de duración prolongada,Características de la estenosis aórtica grave (todos los pacientes tienen soplo aórtico),vpp;vpn,False,hallazgo,20920693;1826070;3497570,Sin valor predictivo observado recuperado para esta población
C00468,389,Soplo con pico tardío (telesistólico),Características de la estenosis aórtica grave (todos los pacientes tienen soplo aórtico),vpp;vpn,False,hallazgo,1826070;4083081;3497570,Sin valor predictivo observado recuperado para esta población
C00469,390,Soplo de máxima intensidad en el foco aórtico,Características de la estenosis aórtica grave (todos los pacientes tienen soplo aórtico),vpp;vpn,False,hallazgo,3728503;3497570,Sin valor predictivo observado recuperado para esta población
C00470,391,Irradiación del soplo al cuello,Características de la estenosis aórtica grave (todos los pacientes tienen soplo aórtico),vpp;vpn,False,hallazgo,20920693;3728503;3497570,Sin valor predictivo observado recuperado para esta población
C00471,392,Irradiación del soplo a ambos lados del cuello,Características de la estenosis aórtica grave (todos los pacientes tienen soplo aórtico),vpp;vpn,False,hallazgo,20920693,Sin valor predictivo observado recuperado para esta población
C00475,393,Soplo protodiastólico de insuficiencia aórtica (detección de insuficiencia moderada a grave),Insuficiencia aórtica,vpp;vpn,False,hallazgo,2774371;2491772;3678247;3963660,Sin valor predictivo observado recuperado para esta población
C00476,394,Soplo protodiastólico de máxima intensidad en el borde esternal derecho (detección de raíz aórtica dilatada o endocarditis),Insuficiencia aórtica,vpp;vpn,False,hallazgo,4233560,Sin valor predictivo observado recuperado para esta población
C00477,395,Soplo protodiastólico que disminuye con la inhalación de nitrito de amilo (insuficiencia aórtica frente al soplo de Graham Steell),Insuficiencia aórtica,vpp;vpn,False,hallazgo,5906566,Sin valor predictivo observado recuperado para esta población
C00478,396,Soplo diastólico de intensidad grado 3 o mayor,Características de la insuficiencia aórtica moderada a grave,vpp;vpn,False,hallazgo,8629648,Sin valor predictivo observado recuperado para esta población
C00479,397,Presión arterial diastólica mayor de 70 mm Hg,Características de la insuficiencia aórtica moderada a grave,ln;vpp;vpn,False,ordinal,5099874;14325909,Categoría ordinal: no inferir LR−/VPN de un umbral binario; Sin valor predictivo observado recuperado para esta población; Cifra no recuperada para la misma definición; revisar fuente y umbral
C00480,398,Presión arterial diastólica de 51 a 70 mm Hg,Características de la insuficiencia aórtica moderada a grave,sp;ln;vpp;vpn,False,ordinal,5099874;14325909,Categoría ordinal: no inferir LR−/VPN de un umbral binario; Sin valor predictivo observado recuperado para esta población; Cifra no recuperada para la misma definición; revisar fuente y umbral
C00481,399,Presión arterial diastólica de 50 mm Hg o menos,Características de la insuficiencia aórtica moderada a grave,ln;vpp;vpn,False,ordinal,5099874;14325909,Categoría ordinal: no inferir LR−/VPN de un umbral binario; Sin valor predictivo observado recuperado para esta población; Cifra no recuperada para la misma definición; revisar fuente y umbral
C00482,400,Presión de pulso (diferencial) menor de 60 mm Hg,Características de la insuficiencia aórtica moderada a grave,ln;vpp;vpn,False,ordinal,14325909,Categoría ordinal: no inferir LR−/VPN de un umbral binario; Sin valor predictivo observado recuperado para esta población; Cifra no recuperada para la misma definición; revisar fuente y umbral
C00483,401,Presión de pulso (diferencial) de 60 a 79 mm Hg,Características de la insuficiencia aórtica moderada a grave,sp;ln;vpp;vpn,False,ordinal,14325909,Categoría ordinal: no inferir LR−/VPN de un umbral binario; Sin valor predictivo observado recuperado para esta población; Cifra no recuperada para la misma definición; revisar fuente y umbral
C00484,402,Presión de pulso (diferencial) de 80 mm Hg o más,Características de la insuficiencia aórtica moderada a grave,ln;vpp;vpn,False,ordinal,14325909,Categoría ordinal: no inferir LR−/VPN de un umbral binario; Sin valor predictivo observado recuperado para esta población; Cifra no recuperada para la misma definición; revisar fuente y umbral
C00485,403,Signo de Hill: presión sistólica del pie menos la del brazo <40 mm Hg,Características de la insuficiencia aórtica moderada a grave,ln;vpp;vpn,False,ordinal,14325909,Categoría ordinal: no inferir LR−/VPN de un umbral binario; Sin valor predictivo observado recuperado para esta población; Cifra no recuperada para la misma definición; revisar fuente y umbral
C00486,404,Signo de Hill: presión sistólica del pie menos la del brazo 40–59 mm Hg,Características de la insuficiencia aórtica moderada a grave,sp;ln;vpp;vpn,False,ordinal,14325909,Categoría ordinal: no inferir LR−/VPN de un umbral binario; Sin valor predictivo observado recuperado para esta población; Cifra no recuperada para la misma definición; revisar fuente y umbral
C00487,405,Signo de Hill: presión sistólica del pie menos la del brazo ≥60 mm Hg,Características de la insuficiencia aórtica moderada a grave,ln;vpp;vpn,False,ordinal,14325909,Categoría ordinal: no inferir LR−/VPN de un umbral binario; Sin valor predictivo observado recuperado para esta población; Cifra no recuperada para la misma definición; revisar fuente y umbral
C00488,406,Choque de la punta amplio o sostenido,Características de la insuficiencia aórtica moderada a grave,vpp;vpn,False,hallazgo,14325909,Sin valor predictivo observado recuperado para esta población
C00489,407,Galope por tercer ruido (S3),Características de la insuficiencia aórtica moderada a grave,vpp;vpn,False,hallazgo,,Sin valor predictivo observado recuperado para esta población
C00490,408,"Signo de Duroziez, pistoletazo femoral o pulso saltón en martillo de agua (Corrigan)",Características de la insuficiencia aórtica moderada a grave,vpp;vpn,False,hallazgo,5666853;14325909,Sin valor predictivo observado recuperado para esta población
C00491,409,Soplo de intensidad grado 3 o mayor,Gravedad de la insuficiencia mitral y tricuspídea,vpp;vpn,False,hallazgo,8629648,Sin valor predictivo observado recuperado para esta población
C00492,410,Galope por tercer ruido (S3),Gravedad de la insuficiencia mitral y tricuspídea,vpp;vpn,False,hallazgo,,Sin valor predictivo observado recuperado para esta población
C00497,411,Datos cardíacos de hipertensión pulmonar en la estenosis mitral,Otros hallazgos cardiacos en la estenosis mitral,vpp;vpn,False,hallazgo,,Sin valor predictivo observado recuperado para esta población
C00498,412,Impulso apical hipercinético (detección de insuficiencia mitral o valvulopatía aórtica asociadas),Otros hallazgos cardiacos en la estenosis mitral,vpp;vpn,False,hallazgo,13149911,Sin valor predictivo observado recuperado para esta población
C00499,413,Pulso arterial hipercinético (detección de insuficiencia mitral asociada),Otros hallazgos cardiacos en la estenosis mitral,vpp;vpn,False,hallazgo,13149911,Sin valor predictivo observado recuperado para esta población
C00501,414,Respuesta anormal a la maniobra de Valsalva (patrón de onda cuadrada),Insuficiencia cardiaca congestiva: presiones de llenado izquierdas elevadas,vpp;vpn,False,hallazgo,8430644,Sin valor predictivo observado recuperado para esta población
C00502,415,Aumento del pulso de 10% o más durante la fase de esfuerzo de Valsalva,Insuficiencia cardiaca congestiva: presiones de llenado izquierdas elevadas,vpp;vpn,False,hallazgo,15163934,Sin valor predictivo observado recuperado para esta población
C00503,416,Estertores crepitantes,Insuficiencia cardiaca congestiva: presiones de llenado izquierdas elevadas,vpp;vpn,False,hallazgo,7437198;835934;2591393;8409071,Sin valor predictivo observado recuperado para esta población
C00504,417,Presión venosa yugular elevada,Insuficiencia cardiaca congestiva: presiones de llenado izquierdas elevadas,vpp;vpn,False,hallazgo,7437198;835934;8409071,Sin valor predictivo observado recuperado para esta población
C00506,418,Choque de la punta por fuera de la línea medioclavicular en decúbito supino,Insuficiencia cardiaca congestiva: presiones de llenado izquierdas elevadas,vpp;vpn,False,hallazgo,2591393,Sin valor predictivo observado recuperado para esta población
C00507,419,Galope por tercer ruido (S3),Insuficiencia cardiaca congestiva: presiones de llenado izquierdas elevadas,vpp;vpn,False,hallazgo,7437198;835934;2591393;16567599,Sin valor predictivo observado recuperado para esta población
C00508,420,Galope por cuarto ruido (S4),Insuficiencia cardiaca congestiva: presiones de llenado izquierdas elevadas,vpp;vpn,False,hallazgo,7437198;19215005,Sin valor predictivo observado recuperado para esta población
C00509,421,Edema periférico,Insuficiencia cardiaca congestiva: presiones de llenado izquierdas elevadas,vpp;vpn,False,hallazgo,7437198;835934,Sin valor predictivo observado recuperado para esta población
C00510,422,Frecuencia cardiaca >100 lpm en reposo,Insuficiencia cardiaca congestiva: fracción de expulsión baja,vpp;vpn,False,hallazgo,9205668,Sin valor predictivo observado recuperado para esta población
C00512,423,Estertores crepitantes,Insuficiencia cardiaca congestiva: fracción de expulsión baja,vpp;vpn,False,hallazgo,9205668;6826952;17827466,Sin valor predictivo observado recuperado para esta población
C00513,424,Ingurgitación yugular (venas del cuello distendidas),Insuficiencia cardiaca congestiva: fracción de expulsión baja,vpp;vpn,False,hallazgo,9205668;17827466,Sin valor predictivo observado recuperado para esta población
C00514,425,Choque de la punta por fuera de la línea medioclavicular en decúbito supino,Insuficiencia cardiaca congestiva: fracción de expulsión baja,vpp;vpn,False,hallazgo,9205668;6826952;17827466,Sin valor predictivo observado recuperado para esta población
C00515,426,Galope por tercer ruido (S3),Insuficiencia cardiaca congestiva: fracción de expulsión baja,vpp;vpn,False,hallazgo,16567599;6826952,Sin valor predictivo observado recuperado para esta población
C00516,427,Galope por cuarto ruido (S4),Insuficiencia cardiaca congestiva: fracción de expulsión baja,vpp;vpn,False,hallazgo,19215005;6638044,Sin valor predictivo observado recuperado para esta población
C00517,428,Soplo de insuficiencia mitral,Insuficiencia cardiaca congestiva: fracción de expulsión baja,vpp;vpn,False,hallazgo,6826952,Sin valor predictivo observado recuperado para esta población
C00518,429,Hepatomegalia,Insuficiencia cardiaca congestiva: fracción de expulsión baja,vpp;vpn,False,hallazgo,,Sin valor predictivo observado recuperado para esta población
C00519,430,Edema periférico,Insuficiencia cardiaca congestiva: fracción de expulsión baja,vpp;vpn,False,hallazgo,17827466,Sin valor predictivo observado recuperado para esta población
C00520,431,Angina típica,Enfermedad arterial coronaria,ln;vpp;vpn,False,ordinal,449990;5942973;4812555;4103943;6041864;912834;7249303,Categoría ordinal: no inferir LR−/VPN de un umbral binario; Sin valor predictivo observado recuperado para esta población; Cifra no recuperada para la misma definición; revisar fuente y umbral
C00521,432,Angina atípica,Enfermedad arterial coronaria,sp;ln;vpp;vpn,False,ordinal,449990;5942973;4812555;4103943;6041864;912834;7249303,Categoría ordinal: no inferir LR−/VPN de un umbral binario; Sin valor predictivo observado recuperado para esta población; Cifra no recuperada para la misma definición; revisar fuente y umbral
C00523,433,Dolor de más de 30 minutos de duración,Enfermedad arterial coronaria,vpp;vpn,False,hallazgo,9326987,Sin valor predictivo observado recuperado para esta población
C00524,434,Disfagia acompañante,Enfermedad arterial coronaria,vpp;vpn,False,hallazgo,9326987,Sin valor predictivo observado recuperado para esta población
C00525,435,Sexo masculino,Enfermedad arterial coronaria,vpp;vpn,False,hallazgo,912834;7249303;222134;3793668;7449053,Sin valor predictivo observado recuperado para esta población
C00526,436,Edad menor de 30 años,Enfermedad arterial coronaria,ln;vpp;vpn,False,ordinal,7249303;222134;3793668;7449053;1954417,Categoría ordinal: no inferir LR−/VPN de un umbral binario; Sin valor predictivo observado recuperado para esta población; Cifra no recuperada para la misma definición; revisar fuente y umbral
C00527,437,Edad de 30 a 49 años,Enfermedad arterial coronaria,sp;ln;vpp;vpn,False,ordinal,7249303;222134;3793668;7449053;1954417,Categoría ordinal: no inferir LR−/VPN de un umbral binario; Sin valor predictivo observado recuperado para esta población; Cifra no recuperada para la misma definición; revisar fuente y umbral
C00528,438,Edad de 50 a 70 años,Enfermedad arterial coronaria,sp;ln;vpp;vpn,False,ordinal,7249303;222134;3793668;7449053;1954417,Categoría ordinal: no inferir LR−/VPN de un umbral binario; Sin valor predictivo observado recuperado para esta población; Cifra no recuperada para la misma definición; revisar fuente y umbral
C00529,439,Edad mayor de 70 años,Enfermedad arterial coronaria,ln;vpp;vpn,False,ordinal,7249303;222134;3793668;7449053;1954417,Categoría ordinal: no inferir LR−/VPN de un umbral binario; Sin valor predictivo observado recuperado para esta población; Cifra no recuperada para la misma definición; revisar fuente y umbral
C00530,440,Antecedente de infarto de miocardio previo,Enfermedad arterial coronaria,vpp;vpn,False,hallazgo,912834;7449053;10758917;1957757,Sin valor predictivo observado recuperado para esta población
C00531,441,Pliegue diagonal del lóbulo de la oreja,Enfermedad arterial coronaria,vpp;vpn,False,hallazgo,3793668;8629656;92726,Sin valor predictivo observado recuperado para esta población
C00532,442,Arco senil corneal (arco corneal),Enfermedad arterial coronaria,vpp;vpn,False,hallazgo,10555435,Sin valor predictivo observado recuperado para esta población
C00533,443,Dolor a la palpación de la pared torácica,Enfermedad arterial coronaria,vpp;vpn,False,hallazgo,9326987;2717982;11376829;18558276,Sin valor predictivo observado recuperado para esta población
C00534,444,Índice tobillo-brazo <0.9,Enfermedad arterial coronaria,vpp;vpn,False,hallazgo,10980210;16723788,Sin valor predictivo observado recuperado para esta población
C00535,445,Choque de la punta desplazado lateralmente,Enfermedad arterial coronaria,vpp;vpn,False,hallazgo,,Sin valor predictivo observado recuperado para esta población
C00536,446,Electrocardiograma normal,Enfermedad arterial coronaria,vpp;vpn,False,hallazgo,4817708,Sin valor predictivo observado recuperado para esta población
C00537,447,Alteraciones del segmento ST y de la onda T en el electrocardiograma,Enfermedad arterial coronaria,vpp;vpn,False,hallazgo,449990;1957757,Sin valor predictivo observado recuperado para esta población
C00539,448,Edad menor de 40 años,Infarto agudo de miocardio,vpp;vpn,False,ordinal,2313224;2648786,Categoría ordinal: no inferir LR−/VPN de un umbral binario; Sin valor predictivo observado recuperado para esta población
C00540,449,Edad de 40 a 59 años,Infarto agudo de miocardio,sp;vpp;vpn,False,ordinal,2313224;2648786,Categoría ordinal: no inferir LR−/VPN de un umbral binario; Sin valor predictivo observado recuperado para esta población; Cifra no recuperada para la misma definición; revisar fuente y umbral
C00542,450,Dolor punzante,Infarto agudo de miocardio,vpp;vpn,False,hallazgo,3945181,Sin valor predictivo observado recuperado para esta población
C00544,451,Dolor que se modifica con la posición,Infarto agudo de miocardio,vpp;vpn,False,hallazgo,2648786,Sin valor predictivo observado recuperado para esta población
C00545,452,Alivio del dolor con nitroglicerina,Infarto agudo de miocardio,vpp;vpn,False,hallazgo,12450614;14678917;15940087;17320010,Sin valor predictivo observado recuperado para esta población
C00546,453,Signo de Levine (puño cerrado sobre el esternón),Infarto agudo de miocardio,vpp;vpn,False,hallazgo,17208083,Sin valor predictivo observado recuperado para esta población
C00547,454,Signo de la palma,Infarto agudo de miocardio,vpp;vpn,False,hallazgo,17208083,Sin valor predictivo observado recuperado para esta población
C00548,455,Signo del brazo,Infarto agudo de miocardio,vpp;vpn,False,hallazgo,17208083,Sin valor predictivo observado recuperado para esta población
C00549,456,Signo del dedo que señala,Infarto agudo de miocardio,vpp;vpn,False,hallazgo,17208083,Sin valor predictivo observado recuperado para esta población
C00551,457,Aspecto diaforético,Infarto agudo de miocardio,vpp;vpn,False,hallazgo,2648786;3945181;12702926,Sin valor predictivo observado recuperado para esta población
C00552,458,Palidez,Infarto agudo de miocardio,vpp;vpn,False,hallazgo,12702926,Sin valor predictivo observado recuperado para esta población
C00553,459,Presión arterial sistólica menor de 100 mm Hg,Infarto agudo de miocardio,vpp;vpn,False,hallazgo,11911916,Sin valor predictivo observado recuperado para esta población
C00554,460,Ingurgitación yugular,Infarto agudo de miocardio,vpp;vpn,False,hallazgo,1952470,Sin valor predictivo observado recuperado para esta población
C00555,461,Estertores crepitantes pulmonares,Infarto agudo de miocardio,vpp;vpn,False,hallazgo,1952470;3945181,Sin valor predictivo observado recuperado para esta población
C00556,462,Tercer ruido cardiaco (S3),Infarto agudo de miocardio,vpp;vpn,False,hallazgo,3945181,Sin valor predictivo observado recuperado para esta población
C00562,463,Categoría de riesgo 'alto' de la regla de predicción clínica,Complicaciones potencialmente mortales en el dolor torácico agudo,vpp;vpn,False,hallazgo,8618604;10190376,Sin valor predictivo observado recuperado para esta población
C00564,464,Percusión de la matidez hepática (span hepático) para detectar hepatomegalia,Hepatomegalia y esplenomegalia,vpp;vpn,False,hallazgo,,Sin valor predictivo observado recuperado para esta población
C00565,465,"Hígado palpable, para detectar un borde hepático situado por debajo del reborde costal",Hepatomegalia y esplenomegalia,vpp;vpn,False,hallazgo,934030,Sin valor predictivo observado recuperado para esta población
C00566,466,"Hígado palpable, para detectar hepatomegalia",Hepatomegalia y esplenomegalia,vpp;vpn,False,hallazgo,4371591,Sin valor predictivo observado recuperado para esta población
C00567,467,"Bazo palpable, para detectar esplenomegalia",Hepatomegalia y esplenomegalia,vpp;vpn,False,hallazgo,8441078;1951414;6402879;9921361,Sin valor predictivo observado recuperado para esta población
C00571,468,"Hepatomegalia palpable en el paciente con hepatopatía crónica, para detectar cirrosis",Palpación de hígado y bazo en diversos trastornos,vpp;vpn,False,hallazgo,8892498;5586574;367201;15618841;15946128;11721766,Sin valor predictivo observado recuperado para esta población
C00573,469,"Borde hepático firme a la palpación en el paciente con hepatopatía crónica, para detectar cirrosis",Palpación de hígado y bazo en diversos trastornos,vpp;vpn,False,hallazgo,,Sin valor predictivo observado recuperado para esta población
C00574,470,"Hígado palpable en el paciente con ictericia, para detectar enfermedad hepatocelular (ictericia no obstructiva)",Palpación de hígado y bazo en diversos trastornos,vpp;vpn,False,hallazgo,13991584;5780365,Sin valor predictivo observado recuperado para esta población
C00575,471,"Hígado doloroso a la palpación en el paciente con ictericia, para detectar enfermedad hepatocelular (ictericia no obstructiva)",Palpación de hígado y bazo en diversos trastornos,vpp;vpn,False,hallazgo,13991584;5780365,Sin valor predictivo observado recuperado para esta población
C00576,472,"Hígado palpable en el paciente con linfadenopatía, para detectar enfermedad grave",Palpación de hígado y bazo en diversos trastornos,vpp;vpn,False,hallazgo,11039082,Sin valor predictivo observado recuperado para esta población
C00577,473,"Bazo palpable en el viajero que regresa con fiebre, para detectar paludismo",Palpación de hígado y bazo en diversos trastornos,vpp;vpn,False,hallazgo,11486283;17220752;12201580,Sin valor predictivo observado recuperado para esta población
C00578,474,"Bazo palpable en el paciente con ictericia, para detectar enfermedad hepatocelular (ictericia no obstructiva)",Palpación de hígado y bazo en diversos trastornos,vpp;vpn,False,hallazgo,13991584;5780365,Sin valor predictivo observado recuperado para esta población
C00579,475,"Bazo palpable en el paciente con hepatopatía crónica, para detectar cirrosis",Palpación de hígado y bazo en diversos trastornos,vpp;vpn,False,hallazgo,5586574;367201;15618841;15946128;11721766,Sin valor predictivo observado recuperado para esta población
C00580,476,"Bazo palpable en el paciente con linfadenopatía, para detectar enfermedad grave",Palpación de hígado y bazo en diversos trastornos,vpp;vpn,False,hallazgo,11039082;14663291,Sin valor predictivo observado recuperado para esta población
C00581,477,"Vesícula biliar palpable en el paciente con ictericia, para detectar obstrucción de la vía biliar","Palpación de vesícula biliar, vejiga y aorta",vpp;vpn,False,hallazgo,13991584,Sin valor predictivo observado recuperado para esta población
C00583,478,"Vejiga palpable (globo vesical), para detectar retención urinaria significativa","Palpación de vesícula biliar, vejiga y aorta",vpp;vpn,False,hallazgo,12235612,Sin valor predictivo observado recuperado para esta población
C00584,479,"Masa epigástrica pulsátil expansiva, para detectar aneurisma de la aorta abdominal","Palpación de vesícula biliar, vejiga y aorta",vpp;vpn,False,hallazgo,10737283;2900988;2888954;8634854;8518892,Sin valor predictivo observado recuperado para esta población
C00591,480,Defensa abdominal (resistencia muscular a la palpación),Peritonitis en el paciente con dolor abdominal agudo,vpp;vpn,False,hallazgo,1251963;9880421;15537403;16088420;6385879;2004144;4506871;8511921;8044545,Sin valor predictivo observado recuperado para esta población
C00592,481,Rigidez abdominal (abdomen en tabla),Peritonitis en el paciente con dolor abdominal agudo,vpp;vpn,False,hallazgo,1251963;2004144;4506871;6639177,Sin valor predictivo observado recuperado para esta población
C00593,482,Dolor de rebote a la descompresión (signo de Blumberg),Peritonitis en el paciente con dolor abdominal agudo,vpp;vpn,False,hallazgo,1251963;3963537;9880421;11489398;10452263;15537403;16088420;12428873;6385879;2004144;8511921;8044545;1873703;11103723;3717506;5427470,Sin valor predictivo observado recuperado para esta población
C00595,483,"Ruidos intestinales anormales (ausentes, disminuidos o aumentados)",Peritonitis en el paciente con dolor abdominal agudo,vpp;vpn,False,hallazgo,1251963;4506871,Sin valor predictivo observado recuperado para esta población
C00596,484,Dolor al tacto rectal,Peritonitis en el paciente con dolor abdominal agudo,vpp;vpn,False,hallazgo,3963537;9880421;10452263;16088420;6385879;2004144;4506871;8511921;3717506;18358949,Sin valor predictivo observado recuperado para esta población
C00597,485,Prueba de dolor de la pared abdominal positiva (signo de Carnett),Peritonitis en el paciente con dolor abdominal agudo,vpp;vpn,False,hallazgo,72957,Sin valor predictivo observado recuperado para esta población
C00599,486,Dolor a la palpación de la fosa iliaca derecha,Apendicitis aguda en el paciente con dolor abdominal agudo,vpp;vpn,False,hallazgo,3963537;9880421;11489398;15537403;16088420;6385879;2004144;4506871;11103723;19803663,Sin valor predictivo observado recuperado para esta población
C00600,487,Dolor a la palpación del punto de McBurney,Apendicitis aguda en el paciente con dolor abdominal agudo,vpp;vpn,False,hallazgo,9880421,Sin valor predictivo observado recuperado para esta población
C00601,488,Signo de Rovsing (dolor referido a la fosa iliaca derecha),Apendicitis aguda en el paciente con dolor abdominal agudo,vpp;vpn,False,hallazgo,9880421,Sin valor predictivo observado recuperado para esta población
C00603,489,Signo del obturador,Apendicitis aguda en el paciente con dolor abdominal agudo,vpp;vpn,False,hallazgo,6385879,Sin valor predictivo observado recuperado para esta población
C00604,490,Escala de Alvarado de 7 puntos o más,Apendicitis aguda en el paciente con dolor abdominal agudo,ln;vpp;vpn,False,ordinal,3963537;11489398;1489366;15568423;14676508;10750941;18520542;18399336,Categoría ordinal: no inferir LR−/VPN de un umbral binario; Sin valor predictivo observado recuperado para esta población; Cifra no recuperada para la misma definición; revisar fuente y umbral
C00605,491,Escala de Alvarado de 5 a 6 puntos,Apendicitis aguda en el paciente con dolor abdominal agudo,sp;ln;vpp;vpn,False,ordinal,3963537;11489398;1489366;15568423;14676508;10750941;18520542;18399336,Categoría ordinal: no inferir LR−/VPN de un umbral binario; Sin valor predictivo observado recuperado para esta población; Cifra no recuperada para la misma definición; revisar fuente y umbral
C00606,492,Escala de Alvarado de 4 puntos o menos,Apendicitis aguda en el paciente con dolor abdominal agudo,ln;vpp;vpn,False,ordinal,3963537;11489398;1489366;15568423;14676508;10750941;18520542;18399336,Categoría ordinal: no inferir LR−/VPN de un umbral binario; Sin valor predictivo observado recuperado para esta población; Cifra no recuperada para la misma definición; revisar fuente y umbral
C00611,493,Peristalsis visible,Obstrucción de intestino delgado en el paciente con dolor abdominal agudo,vpp;vpn,False,hallazgo,9840308,Sin valor predictivo observado recuperado para esta población
C00612,494,Distensión abdominal,Obstrucción de intestino delgado en el paciente con dolor abdominal agudo,vpp;vpn,False,hallazgo,7973431;9840308;4506871,Sin valor predictivo observado recuperado para esta población
C00613,495,Defensa abdominal (resistencia muscular a la palpación),Obstrucción de intestino delgado en el paciente con dolor abdominal agudo,vpp;vpn,False,hallazgo,7973431;1251963;4506871,Sin valor predictivo observado recuperado para esta población
C00614,496,Rigidez abdominal (abdomen en tabla),Obstrucción de intestino delgado en el paciente con dolor abdominal agudo,vpp;vpn,False,hallazgo,7973431;1251963;9840308;4506871,Sin valor predictivo observado recuperado para esta población
C00615,497,Dolor de rebote a la descompresión (signo de Blumberg),Obstrucción de intestino delgado en el paciente con dolor abdominal agudo,vpp;vpn,False,hallazgo,7973431;1251963;4506871,Sin valor predictivo observado recuperado para esta población
C00616,498,Ruidos intestinales hiperactivos (ruidos de lucha),Obstrucción de intestino delgado en el paciente con dolor abdominal agudo,vpp;vpn,False,hallazgo,9840308;4506871,Sin valor predictivo observado recuperado para esta población
C00617,499,"Ruidos intestinales anormales (ausentes, disminuidos o aumentados)",Obstrucción de intestino delgado en el paciente con dolor abdominal agudo,vpp;vpn,False,hallazgo,7973431;1251963;9840308;4506871,Sin valor predictivo observado recuperado para esta población
C00618,500,Dolor al tacto rectal,Obstrucción de intestino delgado en el paciente con dolor abdominal agudo,vpp;vpn,False,hallazgo,7973431;1251963;4506871,Sin valor predictivo observado recuperado para esta población
C00619,501,"Prueba de dolor de la pared abdominal positiva (signo de Carnett), para detectar dolor visceral",Dolor abdominal alto crónico,vpp;vpn,False,hallazgo,12003414,Sin valor predictivo observado recuperado para esta población
C00622,502,"Dolor a la palpación del epigastrio, para detectar endoscopia alta con lesión (en su mayoría úlcera péptica)",Dolor abdominal alto crónico,vpp;vpn,False,hallazgo,,Sin valor predictivo observado recuperado para esta población
C00623,503,"Soplo abdominal, para detectar hipertensión renovascular",Auscultación del abdomen,vpp;vpn,False,hallazgo,2419718;9841602;2371594,Sin valor predictivo observado recuperado para esta población
C00624,504,"Soplo abdominal, para detectar aneurisma de la aorta abdominal",Auscultación del abdomen,vpp;vpn,False,hallazgo,,Sin valor predictivo observado recuperado para esta población
C00625,505,"Soplo abdominal sistólico y diastólico, para detectar hipertensión renovascular",Auscultación del abdomen,vpp;vpn,False,hallazgo,484965,Sin valor predictivo observado recuperado para esta población
C00627,506,"Coloración anormal del pie (pálido, rojo o azul)",Enfermedad arterial periférica,vpp;vpn,False,hallazgo,8994152,Sin valor predictivo observado recuperado para esta población
C00628,507,Piel atrófica de la extremidad inferior,Enfermedad arterial periférica,vpp;vpn,False,hallazgo,9250264,Sin valor predictivo observado recuperado para esta población
C00629,508,Ausencia de vello en la extremidad inferior,Enfermedad arterial periférica,vpp;vpn,False,hallazgo,9250264,Sin valor predictivo observado recuperado para esta población
C00630,509,Pie asimétricamente más frío a la palpación,Enfermedad arterial periférica,vpp;vpn,False,hallazgo,8994152,Sin valor predictivo observado recuperado para esta población
C00631,510,Ausencia del pulso femoral,Enfermedad arterial periférica,vpp;vpn,False,hallazgo,8994152,Sin valor predictivo observado recuperado para esta población
C00632,511,Ausencia de los pulsos tibial posterior y pedio,Enfermedad arterial periférica,vpp;vpn,False,hallazgo,8994152;2769180,Sin valor predictivo observado recuperado para esta población
C00633,512,Soplo audible sobre la extremidad (femoral o poplíteo),Enfermedad arterial periférica,vpp;vpn,False,hallazgo,8994152;3156007,Sin valor predictivo observado recuperado para esta población
C00634,513,Llenado capilar ≥5 segundos,Enfermedad arterial periférica,vpp;vpn,False,hallazgo,9250264,Sin valor predictivo observado recuperado para esta población
C00636,514,"Ambas piernas frías, para detectar gasto cardiaco bajo (todos los pacientes)",Índice cardíaco <3 L/min/m² en cuidados intensivos,vpp;vpn,False,hallazgo,11303155,Sin valor predictivo observado recuperado para esta población
C00637,515,"Ambas piernas frías, para detectar gasto cardiaco bajo (pacientes con sepsis)",Índice cardíaco <3 L/min/m² en pacientes con sepsis,vpp;vpn,False,hallazgo,11303155,Sin valor predictivo observado recuperado para esta población
C00641,519,"Extremidad fría o llenado capilar >4.5 segundos, para detectar lactato arterial elevado",Hipoperfusión en el paciente de terapia intensiva,vpp;vpn,False,hallazgo,19237899,Sin valor predictivo observado recuperado para esta población
C00642,520,"Extremidad fría o llenado capilar >4.5 segundos, para predecir disfunción orgánica múltiple",Hipoperfusión en el paciente de terapia intensiva,vpp;vpn,False,hallazgo,19237899,Sin valor predictivo observado recuperado para esta población
C00645,521,Área de la úlcera >3 cm² como predictor de osteomielitis,Pie diabético,vpp;vpn,False,hallazgo,9431370,Sin valor predictivo observado recuperado para esta población
C00646,522,Área de la úlcera >4 cm² como predictor de osteomielitis,Pie diabético,vpp;vpn,False,hallazgo,9431370,Sin valor predictivo observado recuperado para esta población
C00647,523,Área de la úlcera >5 cm² como predictor de osteomielitis,Pie diabético,vpp;vpn,False,hallazgo,9431370,Sin valor predictivo observado recuperado para esta población
C00648,524,Prueba de sondeo a hueso positiva (probe-to-bone),Pie diabético,vpp;vpn,False,hallazgo,17259493;16567847,Sin valor predictivo observado recuperado para esta población
C00649,525,Profundidad de la úlcera >3 mm o hueso expuesto,Pie diabético,vpp;vpn,False,hallazgo,,Sin valor predictivo observado recuperado para esta población
C00650,526,"Eritema, edema y secreción purulenta en la úlcera",Pie diabético,vpp;vpn,False,hallazgo,,Sin valor predictivo observado recuperado para esta población
C00651,527,Predictores de úlcera no cicatrizada a las 20 semanas: 0 hallazgos,Pie diabético,ln;vpp;vpn,False,ordinal,14656615,Categoría ordinal: no inferir LR−/VPN de un umbral binario; Sin valor predictivo observado recuperado para esta población; Cifra no recuperada para la misma definición; revisar fuente y umbral
C00652,528,Predictores de úlcera no cicatrizada a las 20 semanas: 1 hallazgo,Pie diabético,sp;ln;vpp;vpn,False,ordinal,14656615,Categoría ordinal: no inferir LR−/VPN de un umbral binario; Sin valor predictivo observado recuperado para esta población; Cifra no recuperada para la misma definición; revisar fuente y umbral
C00653,529,Predictores de úlcera no cicatrizada a las 20 semanas: 2 hallazgos,Pie diabético,sp;ln;vpp;vpn,False,ordinal,14656615,Categoría ordinal: no inferir LR−/VPN de un umbral binario; Sin valor predictivo observado recuperado para esta población; Cifra no recuperada para la misma definición; revisar fuente y umbral
C00654,530,Predictores de úlcera no cicatrizada a las 20 semanas: 3 hallazgos,Pie diabético,ln;vpp;vpn,False,ordinal,14656615,Categoría ordinal: no inferir LR−/VPN de un umbral binario; Sin valor predictivo observado recuperado para esta población; Cifra no recuperada para la misma definición; revisar fuente y umbral
C00655,531,Edema de la pantorrilla o del tobillo,Trombosis venosa profunda de miembro inferior,vpp;vpn,False,hallazgo,1244811;5778113;2327426;3565850;15640292;15175813,Sin valor predictivo observado recuperado para esta población
C00656,532,Asimetría de la circunferencia de la pantorrilla ≥2 cm,Trombosis venosa profunda de miembro inferior,vpp;vpn,False,hallazgo,9308616;12422095,Sin valor predictivo observado recuperado para esta población
C00657,533,Edema de toda la pierna,Trombosis venosa profunda de miembro inferior,vpp;vpn,False,hallazgo,2327426;15640292;15175813;16113804,Sin valor predictivo observado recuperado para esta población
C00658,534,Dilatación de las venas superficiales,Trombosis venosa profunda de miembro inferior,vpp;vpn,False,hallazgo,5778113;15640292;15175813;16113804,Sin valor predictivo observado recuperado para esta población
C00659,535,Eritema de la extremidad,Trombosis venosa profunda de miembro inferior,vpp;vpn,False,hallazgo,3565850,Sin valor predictivo observado recuperado para esta población
C00660,536,Tromboflebitis superficial,Trombosis venosa profunda de miembro inferior,vpp;vpn,False,hallazgo,,Sin valor predictivo observado recuperado para esta población
C00661,537,Dolor a la palpación de la pantorrilla,Trombosis venosa profunda de miembro inferior,vpp;vpn,False,hallazgo,1244811;5778113;3565850;15640292;15175813;16113804,Sin valor predictivo observado recuperado para esta población
C00662,538,Asimetría de la temperatura cutánea: piel más fría,Trombosis venosa profunda de miembro inferior,vpp;vpn,False,hallazgo,5778113,Sin valor predictivo observado recuperado para esta población
C00663,539,Asimetría de la temperatura cutánea: piel más caliente,Trombosis venosa profunda de miembro inferior,vpp;vpn,False,hallazgo,3565850,Sin valor predictivo observado recuperado para esta población
C00666,540,Escala de Wells para trombosis venosa profunda: probabilidad pretest baja,Trombosis venosa profunda de miembro inferior (escala de Wells),ln;vpp;vpn,False,ordinal,9428249;10074956;11414629;11453710;12505112;16409489;19703748,Categoría ordinal: no inferir LR−/VPN de un umbral binario; Sin valor predictivo observado recuperado para esta población; Cifra no recuperada para la misma definición; revisar fuente y umbral
C00667,541,Escala de Wells para trombosis venosa profunda: probabilidad pretest moderada,Trombosis venosa profunda de miembro inferior (escala de Wells),sp;ln;vpp;vpn,False,ordinal,9428249;10074956;11414629;11453710;12505112;16409489;19703748,Categoría ordinal: no inferir LR−/VPN de un umbral binario; Sin valor predictivo observado recuperado para esta población; Cifra no recuperada para la misma definición; revisar fuente y umbral
C00668,542,Escala de Wells para trombosis venosa profunda: probabilidad pretest alta,Trombosis venosa profunda de miembro inferior (escala de Wells),ln;vpp;vpn,False,ordinal,9428249;10074956;11414629;11453710;12505112;16409489;19703748,Categoría ordinal: no inferir LR−/VPN de un umbral binario; Sin valor predictivo observado recuperado para esta población; Cifra no recuperada para la misma definición; revisar fuente y umbral
C00669,543,Escala de Constans ≤0 puntos,Trombosis venosa profunda de la extremidad superior,ln;vpp;vpn,False,ordinal,18217155,Categoría ordinal: no inferir LR−/VPN de un umbral binario; Sin valor predictivo observado recuperado para esta población; Cifra no recuperada para la misma definición; revisar fuente y umbral
C00670,544,Puntaje de Constans = 1,Trombosis venosa profunda de la extremidad superior,sp;ln;vpp;vpn,False,ordinal,18217155,Categoría ordinal: no inferir LR−/VPN de un umbral binario; Sin valor predictivo observado recuperado para esta población; Cifra no recuperada para la misma definición; revisar fuente y umbral
C00671,545,Escala de Constans ≥2 puntos,Trombosis venosa profunda de la extremidad superior,ln;vpp;vpn,False,ordinal,18217155,Categoría ordinal: no inferir LR−/VPN de un umbral binario; Sin valor predictivo observado recuperado para esta población; Cifra no recuperada para la misma definición; revisar fuente y umbral
C00681,546,Edad ≤39 años (en paciente con dolor de hombro),Dolor de hombro: hallazgos individuales,ln;vpp;vpn,False,ordinal,11253973,Categoría ordinal: no inferir LR−/VPN de un umbral binario; Sin valor predictivo observado recuperado para esta población; Cifra no recuperada para la misma definición; revisar fuente y umbral
C00682,547,Edad de 40 a 59 años (en paciente con dolor de hombro),Dolor de hombro: hallazgos individuales,sp;ln;vpp;vpn,False,ordinal,11253973,Categoría ordinal: no inferir LR−/VPN de un umbral binario; Sin valor predictivo observado recuperado para esta población; Cifra no recuperada para la misma definición; revisar fuente y umbral
C00683,548,Edad ≥60 años (en paciente con dolor de hombro),Dolor de hombro: hallazgos individuales,ln;vpp;vpn,False,ordinal,11253973,Categoría ordinal: no inferir LR−/VPN de un umbral binario; Sin valor predictivo observado recuperado para esta población; Cifra no recuperada para la misma definición; revisar fuente y umbral
C00684,549,Atrofia del músculo supraespinoso,Dolor de hombro: hallazgos individuales,vpp;vpn,False,hallazgo,11129754,Sin valor predictivo observado recuperado para esta población
C00685,550,Atrofia del músculo infraespinoso,Dolor de hombro: hallazgos individuales,vpp;vpn,False,hallazgo,11129754,Sin valor predictivo observado recuperado para esta población
C00686,551,Arco doloroso (para desgarro del manguito rotador),Dolor de hombro: hallazgos individuales,vpp;vpn,False,hallazgo,11129754;15995110,Sin valor predictivo observado recuperado para esta población
C00689,552,Dolor durante la exploración del supraespinoso,Dolor de hombro: hallazgos individuales,vpp;vpn,False,hallazgo,9934421,Sin valor predictivo observado recuperado para esta población
C00691,553,Debilidad del infraespinoso (debilidad en rotación externa),Dolor de hombro: hallazgos individuales,vpp;vpn,False,hallazgo,11129754;15995110,Sin valor predictivo observado recuperado para esta población
C00692,554,Prueba del brazo caído,Dolor de hombro: hallazgos individuales,vpp;vpn,False,hallazgo,11253973;15995110,Sin valor predictivo observado recuperado para esta población
C00694,555,3 de 3 hallazgos presentes (criterios combinados de Murrell),Desgarro del manguito rotador: hallazgos combinados,ln;vpp;vpn,False,ordinal,11253973,Categoría ordinal: no inferir LR−/VPN de un umbral binario; Sin valor predictivo observado recuperado para esta población; Cifra no recuperada para la misma definición; revisar fuente y umbral
C00695,556,2 de 3 hallazgos presentes (criterios combinados de Murrell),Desgarro del manguito rotador: hallazgos combinados,sp;ln;vpp;vpn,False,ordinal,11253973,Categoría ordinal: no inferir LR−/VPN de un umbral binario; Sin valor predictivo observado recuperado para esta población; Cifra no recuperada para la misma definición; revisar fuente y umbral
C00696,557,1 de 3 hallazgos presentes (criterios combinados de Murrell),Desgarro del manguito rotador: hallazgos combinados,sp;ln;vpp;vpn,False,ordinal,11253973,Categoría ordinal: no inferir LR−/VPN de un umbral binario; Sin valor predictivo observado recuperado para esta población; Cifra no recuperada para la misma definición; revisar fuente y umbral
C00697,558,"3 de 3 hallazgos presentes (Park: arco doloroso, brazo caído y prueba del infraespinoso)",Desgarro de espesor completo del manguito rotador,ln;vpn,False,ordinal,15995110,Categoría ordinal: no inferir LR−/VPN de un umbral binario; Sin valor predictivo observado recuperado para esta población; Cifra no recuperada para la misma definición; revisar fuente y umbral
C00698,559,"2 de 3 hallazgos presentes (Park: arco doloroso, brazo caído y prueba del infraespinoso)",Desgarro de espesor completo del manguito rotador,sp;ln;vpn,False,ordinal,15995110,Categoría ordinal: no inferir LR−/VPN de un umbral binario; Sin valor predictivo observado recuperado para esta población; Cifra no recuperada para la misma definición; revisar fuente y umbral
C00699,560,"1 de 3 hallazgos presentes (Park: arco doloroso, brazo caído y prueba del infraespinoso)",Desgarro de espesor completo del manguito rotador,sp;ln;vpn,False,ordinal,15995110,Categoría ordinal: no inferir LR−/VPN de un umbral binario; Sin valor predictivo observado recuperado para esta población; Cifra no recuperada para la misma definición; revisar fuente y umbral
C00700,561,Dolor en la región posterior de la cadera al ponerse en cuclillas,Osteoartrosis de cadera en pacientes con dolor de cadera,vpp;vpn,False,hallazgo,18758047,Sin valor predictivo observado recuperado para esta población
C00701,562,Dolor inguinal con la abducción o la aducción de la cadera,Osteoartrosis de cadera en pacientes con dolor de cadera,vpp;vpn,False,hallazgo,18758047,Sin valor predictivo observado recuperado para esta población
C00702,563,Dolor en la cara lateral de la cadera con la flexión activa,Osteoartrosis de cadera en pacientes con dolor de cadera,vpp;vpn,False,hallazgo,18758047,Sin valor predictivo observado recuperado para esta población
C00703,564,Dolor de cadera con la extensión activa,Osteoartrosis de cadera en pacientes con dolor de cadera,vpp;vpn,False,hallazgo,18758047,Sin valor predictivo observado recuperado para esta población
C00704,565,Rotación interna pasiva de la cadera ≤25 grados,Osteoartrosis de cadera en pacientes con dolor de cadera,vpp;vpn,False,hallazgo,18758047,Sin valor predictivo observado recuperado para esta población
C00705,566,Rigidez matutina <30 minutos,Osteoartrosis de rodilla en pacientes con dolor crónico de rodilla,vpp;vpn,False,hallazgo,3741515,Sin valor predictivo observado recuperado para esta población
C00706,567,Crepitación con la movilización pasiva de la rodilla,Osteoartrosis de rodilla en pacientes con dolor crónico de rodilla,vpp;vpn,False,hallazgo,3741515,Sin valor predictivo observado recuperado para esta población
C00707,568,Crecimiento óseo palpable de la rodilla,Osteoartrosis de rodilla en pacientes con dolor crónico de rodilla,vpp;vpn,False,hallazgo,3741515,Sin valor predictivo observado recuperado para esta población
C00708,569,Aumento palpable de la temperatura de la rodilla,Osteoartrosis de rodilla en pacientes con dolor crónico de rodilla,vpp;vpn,False,hallazgo,3741515,Sin valor predictivo observado recuperado para esta población
C00709,570,Deformidad en valgo de la rodilla,Osteoartrosis de rodilla en pacientes con dolor crónico de rodilla,vpp;vpn,False,hallazgo,3741515,Sin valor predictivo observado recuperado para esta población
C00710,571,Deformidad en varo de la rodilla,Osteoartrosis de rodilla en pacientes con dolor crónico de rodilla,vpp;vpn,False,hallazgo,3741515,Sin valor predictivo observado recuperado para esta población
C00711,572,Edad ≥55 años (traumatismo de rodilla),Fractura de rodilla clínicamente significativa,vpp;vpn,False,hallazgo,9279695,Sin valor predictivo observado recuperado para esta población
C00712,573,Derrame articular de la rodilla,Fractura de rodilla clínicamente significativa,vpp;vpn,False,hallazgo,7574120;9279695;8060409,Sin valor predictivo observado recuperado para esta población
C00713,574,Equimosis en la rodilla,Fractura de rodilla clínicamente significativa,vpp;vpn,False,hallazgo,7574120;9279695,Sin valor predictivo observado recuperado para esta población
C00714,575,Limitación de la flexión de la rodilla: no flexiona más allá de 90 grados,Fractura de rodilla clínicamente significativa,vpp;vpn,False,hallazgo,7574120;9279695,Sin valor predictivo observado recuperado para esta población
C00715,576,Limitación de la flexión de la rodilla: no flexiona más allá de 60 grados,Fractura de rodilla clínicamente significativa,vpp;vpn,False,hallazgo,7574120;9279695,Sin valor predictivo observado recuperado para esta población
C00716,577,Dolor a la palpación aislado de la rótula,Fractura de rodilla clínicamente significativa,vpp;vpn,False,hallazgo,7574120;9279695,Sin valor predictivo observado recuperado para esta población
C00717,578,Dolor a la palpación de la cabeza del peroné,Fractura de rodilla clínicamente significativa,vpp;vpn,False,hallazgo,7574120;9279695,Sin valor predictivo observado recuperado para esta población
C00718,579,"Incapacidad para apoyar el peso, tanto inmediatamente tras la lesión como en el servicio de urgencias",Fractura de rodilla clínicamente significativa,vpp;vpn,False,hallazgo,7574120;9279695,Sin valor predictivo observado recuperado para esta población
C00723,580,Signo del cajón posterior (lesión del ligamento cruzado posterior),Lesiones ligamentarias y meniscales de la rodilla,vpp;vpn,False,hallazgo,8775114,Sin valor predictivo observado recuperado para esta población
C00724,581,Signo de McMurray (lesión meniscal),Lesiones ligamentarias y meniscales de la rodilla,vpp;vpn,False,hallazgo,8368424;2775390;10653292;19751979,Sin valor predictivo observado recuperado para esta población
C00726,582,Bloqueo para la extensión completa de la rodilla (lesión meniscal),Lesiones ligamentarias y meniscales de la rodilla,vpp;vpn,False,hallazgo,2775390,Sin valor predictivo observado recuperado para esta población
C00727,583,Dolor con la extensión forzada de la rodilla (lesión meniscal),Lesiones ligamentarias y meniscales de la rodilla,vpp;vpn,False,hallazgo,2775390;10653292,Sin valor predictivo observado recuperado para esta población
C00728,584,Laxitud con el estrés en valgo (lesión del ligamento colateral medial),Lesiones ligamentarias y meniscales de la rodilla,vpp;vpn,False,hallazgo,3566496;18954845,Sin valor predictivo observado recuperado para esta población
C00729,585,Dolor a la palpación del borde posterior del maléolo lateral,Fractura de tobillo y de mediopié,vpp;vpn,False,hallazgo,1554175,Sin valor predictivo observado recuperado para esta población
C00730,586,Dolor a la palpación del borde posterior del maléolo medial,Fractura de tobillo y de mediopié,vpp;vpn,False,hallazgo,1554175,Sin valor predictivo observado recuperado para esta población
C00732,587,Incapacidad para dar cuatro pasos en el servicio de urgencias,Fractura de tobillo y de mediopié,vpp;vpn,False,hallazgo,1554175,Sin valor predictivo observado recuperado para esta población
C00734,588,Dolor a la palpación de la base del quinto metatarsiano (fractura de mediopié),Fractura de tobillo y de mediopié,vpp;vpn,False,hallazgo,1554175,Sin valor predictivo observado recuperado para esta población
C00735,589,Dolor a la palpación del hueso navicular o escafoides del tarso (fractura de mediopié),Fractura de tobillo y de mediopié,vpp;vpn,False,hallazgo,1554175,Sin valor predictivo observado recuperado para esta población
C00736,590,Incapacidad para apoyar el peso inmediatamente después de la lesión (fractura de mediopié),Fractura de tobillo y de mediopié,vpp;vpn,False,hallazgo,1554175,Sin valor predictivo observado recuperado para esta población
C00737,591,Incapacidad para dar cuatro pasos en el servicio de urgencias (fractura de mediopié),Fractura de tobillo y de mediopié,vpp;vpn,False,hallazgo,1554175,Sin valor predictivo observado recuperado para esta población
C00739,592,Brecha palpable en el tendón de Aquiles,Rotura del tendón de Aquiles,vpp;vpn,False,hallazgo,9548122,Sin valor predictivo observado recuperado para esta población
C00741,593,Prueba de flexión de la rodilla en decúbito prono (prueba de Matles),Rotura del tendón de Aquiles,vpp;vpn,False,hallazgo,9548122,Sin valor predictivo observado recuperado para esta población
C00742,594,Defectos anteriores del campo visual (retina y nervio óptico),Defectos del campo visual,vpp;vpn,False,hallazgo,20385890;14663305;7777293;7271230;11684217,Sin valor predictivo observado recuperado para esta población
C00743,595,Defectos posteriores del campo visual (quiasma a corteza occipital),Defectos del campo visual,vpp;vpn,False,hallazgo,20385890;14663305;7777293;7271230;11684217,Sin valor predictivo observado recuperado para esta población
C00744,596,Nistagmo optocinético asimétrico,Defectos del campo visual,vpp;vpn,False,hallazgo,,Sin valor predictivo observado recuperado para esta población
C00745,597,Hemiparesia o afasia acompañantes,Defectos del campo visual,vpp;vpn,False,hallazgo,9109741,Sin valor predictivo observado recuperado para esta población
C00747,598,Campimetría por confrontación con delimitación cinética con el dedo,Defectos del campo visual,vpp;vpn,False,hallazgo,20385890;11684217,Sin valor predictivo observado recuperado para esta población
C00749,599,Delimitación cinética del campo con objetivo rojo,Defectos del campo visual,vpp;vpn,False,hallazgo,20385890;11684217,Sin valor predictivo observado recuperado para esta población
C00750,600,Campimetría por confrontación con puntero láser,Defectos del campo visual,vpp;vpn,False,hallazgo,14663305,Sin valor predictivo observado recuperado para esta población
C00752,601,Mejoría de la ptosis palpebral tras aplicar hielo (prueba del hielo),Miastenia gravis,vpp;vpn,False,hallazgo,11040476;572940;11054320;10406606;12883938;8030407;3614664,Sin valor predictivo observado recuperado para esta población
C00753,602,Mejoría de la diplopía y la oftalmoplejía tras aplicar hielo (prueba del hielo),Miastenia gravis,vpp;vpn,False,hallazgo,11040476,Sin valor predictivo observado recuperado para esta población
C00754,603,Tos voluntaria anormal,Broncoaspiración tras evento vascular cerebral,vpp;vpn,False,hallazgo,3412582;2234422;8437716;9440410;3340301;11213241;11322570;16296668,Sin valor predictivo observado recuperado para esta población
C00755,604,Disfonía,Broncoaspiración tras evento vascular cerebral,vpp;vpn,False,hallazgo,3412582;2234422;8437716;9440410;3340301;11322570;16024482,Sin valor predictivo observado recuperado para esta población
C00757,605,Somnolencia,Broncoaspiración tras evento vascular cerebral,vpp;vpn,False,hallazgo,16296668,Sin valor predictivo observado recuperado para esta población
C00758,606,Alteración de la sensibilidad en cara y lengua,Broncoaspiración tras evento vascular cerebral,vpp;vpn,False,hallazgo,3412582,Sin valor predictivo observado recuperado para esta población
C00759,607,Ausencia de sensibilidad faríngea,Broncoaspiración tras evento vascular cerebral,vpp;vpn,False,hallazgo,,Sin valor predictivo observado recuperado para esta población
C00760,608,Debilidad de la lengua,Broncoaspiración tras evento vascular cerebral,vpp;vpn,False,hallazgo,16296668;16024482,Sin valor predictivo observado recuperado para esta población
C00761,609,Signos bilaterales de pares craneales,Broncoaspiración tras evento vascular cerebral,vpp;vpn,False,hallazgo,3412582;3340301,Sin valor predictivo observado recuperado para esta población
C00764,610,Desaturación de oxígeno en los primeros 2 minutos después de deglutir,Broncoaspiración tras evento vascular cerebral,vpp;vpn,False,hallazgo,11213241;9303024;11191240,Sin valor predictivo observado recuperado para esta población
C00765,611,Hemianopsia,Enfermedad hemisférica cerebral unilateral,vpp;vpn,False,hallazgo,8351018,Sin valor predictivo observado recuperado para esta población
C00767,612,Prueba de rodamiento de los antebrazos,Enfermedad hemisférica cerebral unilateral,vpp;vpn,False,hallazgo,8351018;12463489;20799429,Sin valor predictivo observado recuperado para esta población
C00769,613,Prueba de rodamiento de los dedos meñiques,Enfermedad hemisférica cerebral unilateral,vpp;vpn,False,hallazgo,20799429,Sin valor predictivo observado recuperado para esta población
C00772,614,Alteración hemisensitiva (hemihipoestesia),Enfermedad hemisférica cerebral unilateral,vpp;vpn,False,hallazgo,8351018,Sin valor predictivo observado recuperado para esta población
C00774,615,Respuesta plantar extensora (signo de Babinski),Enfermedad hemisférica cerebral unilateral,vpp;vpn,False,hallazgo,8351018;20799429,Sin valor predictivo observado recuperado para esta población
C00775,616,Debilidad de cualquier músculo del miembro superior,Radiculopatía cervical en pacientes con dolor de cuello y brazo,vpp;vpn,False,hallazgo,,Sin valor predictivo observado recuperado para esta población
C00776,617,Disminución de la sensibilidad vibratoria o al pinchazo en el miembro superior,Radiculopatía cervical en pacientes con dolor de cuello y brazo,vpp;vpn,False,hallazgo,,Sin valor predictivo observado recuperado para esta población
C00778,618,Reflejo braquiorradial (estilorradial) disminuido,Radiculopatía cervical en pacientes con dolor de cuello y brazo,vpp;vpn,False,hallazgo,,Sin valor predictivo observado recuperado para esta población
C00779,619,Reflejo tricipital disminuido,Radiculopatía cervical en pacientes con dolor de cuello y brazo,vpp;vpn,False,hallazgo,,Sin valor predictivo observado recuperado para esta población
C00780,620,"Reflejo bicipital, tricipital o braquiorradial disminuido",Radiculopatía cervical en pacientes con dolor de cuello y brazo,vpp;vpn,False,hallazgo,,Sin valor predictivo observado recuperado para esta población
C00782,621,Rotación cervical hacia el lado afectado <60 grados,Radiculopatía cervical en pacientes con dolor de cuello y brazo,vpp;vpn,False,hallazgo,12544957,Sin valor predictivo observado recuperado para esta población
C00783,622,Debilidad para la flexión del codo (radiculopatía C5),Localización del nivel de la radiculopatía cervical,vpp;vpn,False,hallazgo,13477342,Sin valor predictivo observado recuperado para esta población
C00784,623,Debilidad para la extensión de la muñeca (radiculopatía C6),Localización del nivel de la radiculopatía cervical,vpp;vpn,False,hallazgo,13477342,Sin valor predictivo observado recuperado para esta población
C00785,624,Debilidad para la extensión del codo (radiculopatía C7),Localización del nivel de la radiculopatía cervical,vpp;vpn,False,hallazgo,13477342,Sin valor predictivo observado recuperado para esta población
C00786,625,Debilidad para la flexión de los dedos (radiculopatía C8),Localización del nivel de la radiculopatía cervical,vpp;vpn,False,hallazgo,13477342,Sin valor predictivo observado recuperado para esta población
C00787,626,Hipoestesia del pulgar (radiculopatía C6),Localización del nivel de la radiculopatía cervical,vpp;vpn,False,hallazgo,13477342,Sin valor predictivo observado recuperado para esta población
C00788,627,Hipoestesia del dedo medio (radiculopatía C7),Localización del nivel de la radiculopatía cervical,vpp;vpn,False,hallazgo,13477342,Sin valor predictivo observado recuperado para esta población
C00789,628,Hipoestesia del dedo meñique (radiculopatía C8),Localización del nivel de la radiculopatía cervical,vpp;vpn,False,hallazgo,13477342,Sin valor predictivo observado recuperado para esta población
C00790,629,Reflejo bicipital o braquiorradial disminuido (radiculopatía C6),Localización del nivel de la radiculopatía cervical,vpp;vpn,False,hallazgo,13477342,Sin valor predictivo observado recuperado para esta población
C00791,630,Reflejo tricipital disminuido (radiculopatía C7),Localización del nivel de la radiculopatía cervical,vpp;vpn,False,hallazgo,13477342,Sin valor predictivo observado recuperado para esta población
C00793,631,Diagrama de la mano clasificado como improbable,Síndrome del túnel del carpo,sp;ln;vpp;vpn,False,ordinal,2324471,Categoría ordinal: no inferir LR−/VPN de un umbral binario; Sin valor predictivo observado recuperado para esta población; Cifra no recuperada para la misma definición; revisar fuente y umbral
C00794,632,Debilidad para la abducción del pulgar,Síndrome del túnel del carpo,vpp;vpn,False,hallazgo,9431262;9607648,Sin valor predictivo observado recuperado para esta población
C00796,633,Hipoalgesia en el territorio del nervio mediano,Síndrome del túnel del carpo,vpp;vpn,False,hallazgo,9431262;3779325,Sin valor predictivo observado recuperado para esta población
C00797,634,Discriminación entre dos puntos disminuida en el territorio del mediano,Síndrome del túnel del carpo,vpp;vpn,False,hallazgo,9607648;2306060,Sin valor predictivo observado recuperado para esta población
C00798,635,Sensibilidad vibratoria anormal en el territorio del mediano,Síndrome del túnel del carpo,vpp;vpn,False,hallazgo,9607648,Sin valor predictivo observado recuperado para esta población
C00799,636,Sensibilidad al monofilamento disminuida en el territorio del mediano,Síndrome del túnel del carpo,vpp;vpn,False,hallazgo,12172069,Sin valor predictivo observado recuperado para esta población
C00805,637,Debilidad para la dorsiflexión del tobillo,Radiculopatía lumbosacra en pacientes con ciática,vpp;vpn,False,hallazgo,,Sin valor predictivo observado recuperado para esta población
C00806,638,Atrofia de la pantorrilla del lado sintomático,Radiculopatía lumbosacra en pacientes con ciática,vpp;vpn,False,hallazgo,,Sin valor predictivo observado recuperado para esta población
C00807,639,Alteración de la sensibilidad en la pierna,Radiculopatía lumbosacra en pacientes con ciática,vpp;vpn,False,hallazgo,10678605,Sin valor predictivo observado recuperado para esta población
C00808,640,Reflejo aquíleo anormal,Radiculopatía lumbosacra en pacientes con ciática,vpp;vpn,False,hallazgo,10678605;19763381,Sin valor predictivo observado recuperado para esta población
C00809,641,Maniobra de elevación de la pierna extendida (Lasègue),Radiculopatía lumbosacra en pacientes con ciática,vpp;vpn,False,hallazgo,6238507;19763381;3406846;4516334;11312387;18391677,Sin valor predictivo observado recuperado para esta población
C00810,642,Maniobra de elevación de la pierna extendida contralateral (Lasègue cruzado),Radiculopatía lumbosacra en pacientes con ciática,vpp;vpn,False,hallazgo,3406846;4516334;11312387;22813,Sin valor predictivo observado recuperado para esta población
C00811,643,Debilidad para la extensión de la rodilla (radiculopatía L3-L4),Localización del nivel de la radiculopatía lumbosacra,vpp;vpn,False,hallazgo,10678605;14595165,Sin valor predictivo observado recuperado para esta población
C00812,644,Debilidad para la extensión del primer ortejo (radiculopatía L5),Localización del nivel de la radiculopatía lumbosacra,vpp;vpn,False,hallazgo,3983706;10678605,Sin valor predictivo observado recuperado para esta población
C00813,645,Debilidad para la dorsiflexión del tobillo (radiculopatía L5),Localización del nivel de la radiculopatía lumbosacra,vpp;vpn,False,hallazgo,3449306,Sin valor predictivo observado recuperado para esta población
C00814,646,Debilidad para la flexión plantar del tobillo (radiculopatía S1),Localización del nivel de la radiculopatía lumbosacra,vpp;vpn,False,hallazgo,10678605,Sin valor predictivo observado recuperado para esta población
C00815,647,Atrofia de la pantorrilla del lado afectado (radiculopatía S1),Localización del nivel de la radiculopatía lumbosacra,vpp;vpn,False,hallazgo,,Sin valor predictivo observado recuperado para esta población
C00816,648,Hipoestesia en el dermatoma L5 (radiculopatía L5),Localización del nivel de la radiculopatía lumbosacra,vpp;vpn,False,hallazgo,3983706;3449306,Sin valor predictivo observado recuperado para esta población
C00817,649,Hipoestesia en el dermatoma S1 (radiculopatía S1),Localización del nivel de la radiculopatía lumbosacra,vpp;vpn,False,hallazgo,3983706;3449306,Sin valor predictivo observado recuperado para esta población
C00818,650,Asimetría del reflejo rotuliano (radiculopatía L3-L4),Localización del nivel de la radiculopatía lumbosacra,vpp;vpn,False,hallazgo,3983706;10678605,Sin valor predictivo observado recuperado para esta población
C00819,651,Asimetría del reflejo de los isquiotibiales mediales (radiculopatía L5),Localización del nivel de la radiculopatía lumbosacra,vpp;vpn,False,hallazgo,3449307,Sin valor predictivo observado recuperado para esta población
C00820,652,Asimetría del reflejo aquíleo (radiculopatía S1),Localización del nivel de la radiculopatía lumbosacra,vpp;vpn,False,hallazgo,3983706;10678605;3449306;13709840,Sin valor predictivo observado recuperado para esta población
C00821,653,Incapacidad para dar 10 pasos en tándem,Sospecha de enfermedad de Parkinson,vpp;vpn,False,hallazgo,1603339,Sin valor predictivo observado recuperado para esta población
C00822,654,"Temblor, bradicinesia y rigidez: los 3 presentes",Sospecha de enfermedad de Parkinson,vpp;vpn,False,hallazgo,1603339,Sin valor predictivo observado recuperado para esta población
C00824,655,Buena respuesta a la levodopa,Sospecha de enfermedad de Parkinson,vpp;vpn,False,hallazgo,10727478,Sin valor predictivo observado recuperado para esta población
C00825,656,Progresión rápida de la enfermedad (atrofia multisistémica),Sospecha de enfermedad de Parkinson,vpp;vpn,False,hallazgo,10727478;7629528,Sin valor predictivo observado recuperado para esta población
C00826,657,Ausencia de temblor (atrofia multisistémica),Sospecha de enfermedad de Parkinson,vpp;vpn,False,hallazgo,10727478;7629528;9267967,Sin valor predictivo observado recuperado para esta población
C00828,658,Disfunción autonómica (atrofia multisistémica),Sospecha de enfermedad de Parkinson,vpp;vpn,False,hallazgo,10727478;7629528;9267967,Sin valor predictivo observado recuperado para esta población
C00831,659,Demencia (atrofia multisistémica),Sospecha de enfermedad de Parkinson,vpp;vpn,False,hallazgo,10727478;9267967,Sin valor predictivo observado recuperado para esta población
C00832,660,Parálisis de la mirada vertical hacia abajo con inestabilidad postural en el primer año (parálisis supranuclear progresiva),Sospecha de enfermedad de Parkinson,vpp;vpn,False,hallazgo,8780065,Sin valor predictivo observado recuperado para esta población
C00834,661,Parkinsonismo de la mitad inferior del cuerpo (parkinsonismo vascular),Sospecha de enfermedad de Parkinson,vpp;vpn,False,hallazgo,9923767;15940389;11493219,Sin valor predictivo observado recuperado para esta población
C00835,662,Presión arterial sistólica mayor de 220 mmHg,Evento vascular cerebral hemorrágico,vpp;vpn,False,hallazgo,,Sin valor predictivo observado recuperado para esta población
C00836,663,Presión arterial sistólica menor de 160 mmHg,Evento vascular cerebral hemorrágico,vpp;vpn,False,hallazgo,7465470,Sin valor predictivo observado recuperado para esta población
C00837,664,Coma,Evento vascular cerebral hemorrágico,ln;vpp;vpn,False,ordinal,1855041;3413804;3363586;12068343;9519933,Categoría ordinal: no inferir LR−/VPN de un umbral binario; Sin valor predictivo observado recuperado para esta población; Cifra no recuperada para la misma definición; revisar fuente y umbral
C00838,665,Somnolencia,Evento vascular cerebral hemorrágico,sp;ln;vpp;vpn,False,ordinal,1855041;3413804;3363586;12068343;9519933,Categoría ordinal: no inferir LR−/VPN de un umbral binario; Sin valor predictivo observado recuperado para esta población; Cifra no recuperada para la misma definición; revisar fuente y umbral
C00839,666,Paciente alerta,Evento vascular cerebral hemorrágico,ln;vpp;vpn,False,ordinal,1855041;3413804;3363586;12068343;9519933,Categoría ordinal: no inferir LR−/VPN de un umbral binario; Sin valor predictivo observado recuperado para esta población; Cifra no recuperada para la misma definición; revisar fuente y umbral
C00840,667,Deterioro neurológico en las primeras 3 horas,Evento vascular cerebral hemorrágico,vpp;vpn,False,hallazgo,12190887,Sin valor predictivo observado recuperado para esta población
C00841,668,Signo de Kernig o signo de Brudzinski,Evento vascular cerebral hemorrágico,vpp;vpn,False,hallazgo,12190887,Sin valor predictivo observado recuperado para esta población
C00842,669,Rigidez de nuca,Evento vascular cerebral hemorrágico,vpp;vpn,False,hallazgo,1855041;7465470;12190887;11744820;7604415,Sin valor predictivo observado recuperado para esta población
C00843,670,Respuesta plantar extensora bilateral (Babinski en ambos lados),Evento vascular cerebral hemorrágico,ln;vpp;vpn,False,ordinal,1855041;11744820;7604415,Categoría ordinal: no inferir LR−/VPN de un umbral binario; Sin valor predictivo observado recuperado para esta población; Cifra no recuperada para la misma definición; revisar fuente y umbral
C00844,671,Respuesta plantar extensora unilateral (Babinski en un solo lado),Evento vascular cerebral hemorrágico,sp;ln;vpp;vpn,False,ordinal,1855041;11744820;7604415,Categoría ordinal: no inferir LR−/VPN de un umbral binario; Sin valor predictivo observado recuperado para esta población; Cifra no recuperada para la misma definición; revisar fuente y umbral
C00845,672,Respuesta plantar flexora bilateral (Babinski ausente en ambos pies),Evento vascular cerebral hemorrágico,ln;vpp;vpn,False,ordinal,1855041;11744820;7604415,Categoría ordinal: no inferir LR−/VPN de un umbral binario; Sin valor predictivo observado recuperado para esta población; Cifra no recuperada para la misma definición; revisar fuente y umbral
C00850,673,Hemianopsia,Evento vascular cerebral hemorrágico,vpp;vpn,False,hallazgo,3363586;12068343,Sin valor predictivo observado recuperado para esta población
C00855,674,Escala de Siriraj de -1 a 1 (resultado indeterminado),Evento vascular cerebral hemorrágico,sp;ln;vpp;vpn,False,ordinal,1855041;12190887;11744820;18708271;7934437;16796585;16794214;12088348;7631333;17138946;8025461,Categoría ordinal: no inferir LR−/VPN de un umbral binario; Sin valor predictivo observado recuperado para esta población; Cifra no recuperada para la misma definición; revisar fuente y umbral
C00856,675,Escala de Siriraj menor de -1 (sugiere infarto),Evento vascular cerebral hemorrágico,ln;vpp;vpn,False,ordinal,1855041;12190887;11744820;18708271;7934437;16796585;16794214;12088348;7631333;17138946;8025461,Categoría ordinal: no inferir LR−/VPN de un umbral binario; Sin valor predictivo observado recuperado para esta población; Cifra no recuperada para la misma definición; revisar fuente y umbral
C00857,676,Ataxia troncal grave,Evento vascular cerebral isquémico en vértigo agudo,vpp;vpn,False,hallazgo,19762709,Sin valor predictivo observado recuperado para esta población
C00861,677,"Prueba de impulso cefálico normal, sin sacada correctora (Halmagyi)",Evento vascular cerebral isquémico en vértigo agudo,vpp;vpn,False,hallazgo,19762709;18344397,Sin valor predictivo observado recuperado para esta población
C00863,678,Prueba de la silla (chair test) positiva,Enfermedad neurológica no orgánica (funcional),vpp;vpn,False,hallazgo,17351529,Sin valor predictivo observado recuperado para esta población
C00864,679,Prueba de elevación de la rodilla positiva (paraparesia no orgánica),Enfermedad neurológica no orgánica (funcional),vpp;vpn,False,hallazgo,15534415,Sin valor predictivo observado recuperado para esta población
C00865,680,Signo de Hoover positivo,Enfermedad neurológica no orgánica (funcional),vpp;vpn,False,hallazgo,,Sin valor predictivo observado recuperado para esta población
C00866,681,"Escala MEWS (Modified Early Warning Score) ≥5 puntos, para mortalidad hospitalaria",Mortalidad hospitalaria,vpp;vpn,False,hallazgo,19540542;19033494;19220521;18843068,Sin valor predictivo observado recuperado para esta población
C00867,682,"Ambas piernas frías, para índice cardíaco bajo en cuidados intensivos",Índice cardíaco <3 L/min/m² en cuidados intensivos,vpp;vpn,False,hallazgo,11303155,Sin valor predictivo observado recuperado para esta población
C00871,686,Aumento de presión de pulso ≥12% tras elevar pasivamente las piernas,Respuesta a expansión con líquidos,vpp;vpn,False,hallazgo,16540963,Sin valor predictivo observado recuperado para esta población
C00872,687,"Respiración asincrónica (asincronía toracoabdominal) en la exacerbación de EPOC, para intubación o muerte",Intubación o muerte en exacerbación de EPOC,vpp;vpn,False,hallazgo,856543,Sin valor predictivo observado recuperado para esta población
C00873,688,"Ruidos respiratorios asimétricos después de la intubación, para intubación selectiva del bronquio principal derecho",Intubación del bronquio principal derecho,vpp;vpn,False,hallazgo,2509149;16563329,Sin valor predictivo observado recuperado para esta población
C00874,689,"Ausencia de ruidos respiratorios en pacientes con SDRA, para derrame pleural subyacente",Derrame pleural en pacientes ventilados con SDRA,vpp;vpn,False,hallazgo,14695718,Sin valor predictivo observado recuperado para esta población
C00876,691,"Rigidez de nuca en el paciente con evento vascular cerebral, para ictus hemorrágico",Evento vascular cerebral hemorrágico,vpp;vpn,False,hallazgo,1855041;7465470;12190887;11744820;7604415,Sin valor predictivo observado recuperado para esta población
C00877,692,Vesícula biliar palpable en el paciente con ictericia,Enfermedad hepatocelular (ictericia no obstructiva) en el paciente con ictericia,vpp;vpn,False,hallazgo,13991584,Sin valor predictivo observado recuperado para esta población
C00879,693,Prurito generalizado,Enfermedad grave (maligna o granulomatosa) en el paciente con linfadenopatía periférica,vpp;vpn,False,hallazgo,14663291;11039082,Sin valor predictivo observado recuperado para esta población
C00880,694,Cáncer activo,Trombosis venosa profunda de miembro inferior,vpp;vpn,False,hallazgo,9428249;9308616;2327426;15640292;15175813;12422095;16113804;12871396;11033266,Sin valor predictivo observado recuperado para esta población
C00572,695,"Lóbulo hepático izquierdo palpable en epigastrio en el paciente con hepatopatía crónica, para detectar cirrosis",Palpación de hígado y bazo en diversos trastornos,vpp;vpn,False,hallazgo,15618841;11721766,Sin valor predictivo observado recuperado para esta población
PMID:29859531:696,696,"Tacto rectal con próstata sospechosa (nódulo, induración o irregularidad)",Cáncer de próstata,vpp;vpn,False,hallazgo,29859531,Sin valor predictivo observado recuperado para esta población
PMID:29531107:697,697,Tacto rectal anormal como prueba de cribado,Cáncer de próstata,vpp;vpn,False,hallazgo,29531107,Sin valor predictivo observado recuperado para esta población
PMID:9111624:698,698,Superficie posterior prostática mayor de 7 cm2 estimada por tacto rectal,Próstata aumentada de volumen (hiperplasia prostática benigna),vpp;vpn,False,hallazgo,9111624,Sin valor predictivo observado recuperado para esta población
PMID:36811717:699,699,Escala TWIST con punto de corte de 5 puntos (para confirmar torsión),Torsión testicular,vpp;vpn,False,hallazgo,36811717,Sin valor predictivo observado recuperado para esta población
PMID:36811717:700,700,Escala TWIST con punto de corte de 2 puntos (para descartar torsión),Torsión testicular,vpp;vpn,False,hallazgo,36811717,Sin valor predictivo observado recuperado para esta población
PMID:36811717:701,701,Escala TWIST con punto de corte de 4 puntos,Torsión testicular,sp;lp;ln;vpp;vpn,False,hallazgo,36811717,Sin valor predictivo observado recuperado para esta población; Cifra no recuperada para la misma definición; revisar fuente y umbral
PMID:36811717:702,702,Escala TWIST con punto de corte de 7 puntos (puntaje máximo),Torsión testicular,sp;lp;ln;vpp;vpn,False,hallazgo,36811717,Sin valor predictivo observado recuperado para esta población; Cifra no recuperada para la misma definición; revisar fuente y umbral
PMID:40368720:704,704,Ultrasonido Doppler color escrotal (ausencia de flujo testicular),Torsión testicular,vpp;vpn,False,hallazgo,40368720,Sin valor predictivo observado recuperado para esta población
PMID:30847624:705,705,Ultrasonido escrotal en adultos con dolor escrotal agudo,Torsión testicular,vpp;vpn,False,hallazgo,30847624,Sin valor predictivo observado recuperado para esta población
PMID:29335899:706,706,Signo del remolino (whirlpool) del cordón espermatico en ultrasonido,Torsión testicular,vpp;vpn,False,hallazgo,29335899,Sin valor predictivo observado recuperado para esta población
PMID:29335899:707,707,Signo del remolino (whirlpool) excluyendo neonatos,Torsión testicular,vpp;vpn,False,hallazgo,29335899,Sin valor predictivo observado recuperado para esta población
PMID:10587869:708,708,Exploración física de la región inguinal (palpación del anillo inguinal con Valsalva),Hernia inguinal,vpp;vpn,False,hallazgo,10587869,Sin valor predictivo observado recuperado para esta población
PMID:10587869:709,709,Ultrasonido inguinal,Hernia inguinal,vpp;vpn,False,hallazgo,10587869,Sin valor predictivo observado recuperado para esta población
PMID:10587869:710,710,Resonancia magnética dinamica de la región inguinal,Hernia inguinal,vpp;vpn,False,hallazgo,10587869,Sin valor predictivo observado recuperado para esta población
PMID:22733195:711,711,Ultrasonido inguinal cuando la exploración física no es concluyente,Hernia inguinal oculta,vpp;vpn,False,hallazgo,22733195,Sin valor predictivo observado recuperado para esta población
PMID:22733195:712,712,Tomografía computarizada en hernia inguinal oculta,Hernia inguinal oculta,vpp;vpn,False,hallazgo,22733195,Sin valor predictivo observado recuperado para esta población
PMID:22733195:713,713,Herniografía en hernia inguinal oculta,Hernia inguinal oculta,vpp;vpn,False,hallazgo,22733195,Sin valor predictivo observado recuperado para esta población
PMID:12831490:714,714,Ultrasonido para clasificar la hernia inguinal como directa,Hernia inguinal directa,vpp;vpn,False,hallazgo,12831490,Sin valor predictivo observado recuperado para esta población
PMID:12831490:715,715,Ultrasonido para clasificar la hernia inguinal como indirecta,Hernia inguinal indirecta,vpp;vpn,False,hallazgo,12831490,Sin valor predictivo observado recuperado para esta población
PMID:16903932:716,716,Palpación del plexo pampiniforme (varicocele clínico izquierdo),Varicocele izquierdo,vpp;vpn,False,hallazgo,16903932,Sin valor predictivo observado recuperado para esta población
PMID:32289199:718,718,Exploración física de varicocele por residente de urología,Varicocele,vpp;vpn,False,hallazgo,32289199,Sin valor predictivo observado recuperado para esta población
PMID:15371858:719,719,Termografía escrotal de contacto (varicoscreen) para varicocele izquierdo,Varicocele izquierdo,vpp;vpn,False,hallazgo,15371858,Sin valor predictivo observado recuperado para esta población
PMID:12235612:720,720,Palpación abdominal y percusión suprapubica para detectar globo vesical,Vejiga llena (volumen vesical de 400 a 600 mL),vpp;vpn,False,hallazgo,12235612,Sin valor predictivo observado recuperado para esta población
PMID:32734725:721,721,Grosor de la pared vesical de 4.0 mm o mas por ultrasonido suprapubico,Obstrucción del tracto urinario de salida por hiperplasia prostática,vpp;vpn,False,hallazgo,32734725,Sin valor predictivo observado recuperado para esta población
PMID:32734725:722,722,Grosor del detrusor de 3.0 mm o mas por ultrasonido suprapubico,Obstrucción del tracto urinario de salida por hiperplasia prostática,vpp;vpn,False,hallazgo,32734725,Sin valor predictivo observado recuperado para esta población
PMID:36605912:723,723,Punopercusión lumbar positiva (dolor a la percusión del ángulo costovertebral),Litiasis ureteral,vpp;vpn,False,hallazgo,36605912,Sin valor predictivo observado recuperado para esta población
PMID:12020306:724,724,Punopercusión lumbar positiva (dolor a la percusión del ángulo costovertebral),Infección urinaria aguda no complicada,sn;sp;vpp;vpn,False,hallazgo,12020306,Sin valor predictivo observado recuperado para esta población; Cifra no recuperada para la misma definición; revisar fuente y umbral
PMID:12020306:725,725,Flujo vaginal observado en la exploración,Infección urinaria aguda no complicada,sn;sp;vpp;vpn,False,hallazgo,12020306,Sin valor predictivo observado recuperado para esta población; Cifra no recuperada para la misma definición; revisar fuente y umbral
PMID:12020306:726,726,Disuria,Infección urinaria aguda no complicada,sn;sp;vpp;vpn,False,hallazgo,12020306,Sin valor predictivo observado recuperado para esta población; Cifra no recuperada para la misma definición; revisar fuente y umbral
PMID:12020306:727,727,Polaquiuria (aumento de la frecuencia urinaria),Infección urinaria aguda no complicada,sn;sp;vpp;vpn,False,hallazgo,12020306,Sin valor predictivo observado recuperado para esta población; Cifra no recuperada para la misma definición; revisar fuente y umbral
PMID:12020306:728,728,Hematuria referida por la paciente,Infección urinaria aguda no complicada,sn;sp;vpp;vpn,False,hallazgo,12020306,Sin valor predictivo observado recuperado para esta población; Cifra no recuperada para la misma definición; revisar fuente y umbral
PMID:12020306:729,729,Dolor lumbar,Infección urinaria aguda no complicada,sn;sp;vpp;vpn,False,hallazgo,12020306,Sin valor predictivo observado recuperado para esta población; Cifra no recuperada para la misma definición; revisar fuente y umbral
PMID:12020306:730,730,Combinación de disuria y polaquiuria sin flujo ni irritación vaginal,Infección urinaria aguda no complicada,sn;sp;ln;vpp;vpn,False,hallazgo,12020306,Sin valor predictivo observado recuperado para esta población; Cifra no recuperada para la misma definición; revisar fuente y umbral
PMID:36349207:731,731,Dolor a la palpación pelvica bimanual (hipersensibilidad pelvica),Enfermedad pelvica inflamatoria,vpp;vpn,False,hallazgo,36349207,Sin valor predictivo observado recuperado para esta población
PMID:36349207:732,732,Dolor a la movilización cervical,Enfermedad pelvica inflamatoria,vpp;vpn,False,hallazgo,36349207,Sin valor predictivo observado recuperado para esta población
PMID:36349207:733,733,Dolor a la palpación anexial,Enfermedad pelvica inflamatoria,vpp;vpn,False,hallazgo,36349207,Sin valor predictivo observado recuperado para esta población
PMID:8441133:734,734,Combinación clínica: dolor anexial + dolor abdominal bajo de menos de una semana + leucocitosis,Enfermedad pelvica inflamatoria aguda,vpp;vpn,False,hallazgo,8441133,Sin valor predictivo observado recuperado para esta población
PMID:23613077:735,735,Dolor a la movilización cervical,Embarazo ectopico,vpp;vpn,False,hallazgo,23613077,Sin valor predictivo observado recuperado para esta población
PMID:23613077:736,736,Masa anexial palpable,Embarazo ectopico,vpp;vpn,False,hallazgo,23613077,Sin valor predictivo observado recuperado para esta población
PMID:23613077:737,737,Dolor a la palpación anexial,Embarazo ectopico,vpp;vpn,False,hallazgo,23613077,Sin valor predictivo observado recuperado para esta población
PMID:31462118:738,738,Maniobras de Leopold para diagnosticar presentación cefalica de vértice,Presentación cefalica de vértice,vpp;vpn,False,hallazgo,31462118,Sin valor predictivo observado recuperado para esta población
PMID:20873072:739,739,Maniobras de Leopold para detectar presentación no cefalica,Presentación no cefalica (pelvica o transversa),vpp;vpn,False,hallazgo,20873072,Sin valor predictivo observado recuperado para esta población
PMID:8240620:740,740,Maniobras de Leopold realizadas por parteras certificadas con experiencia,Presentación fetal anomala (malpresentación),vpp;vpn,False,hallazgo,8240620,Sin valor predictivo observado recuperado para esta población
PMID:1876372:741,741,Maniobras de Leopold como tamizaje de presentación no cefalica en el tercer trimestre,Presentación no cefalica,vpp;vpn,False,hallazgo,1876372,Sin valor predictivo observado recuperado para esta población
PMID:31814480:742,742,Altura del fondo uterino (medición sínfisis-fondo),Feto grande para la edad gestacional (peso al nacer mayor al percentil 90),vpp;vpn,False,hallazgo,31814480,Sin valor predictivo observado recuperado para esta población
PMID:31814480:743,743,Altura del fondo uterino (medición sínfisis-fondo),Macrosomia fetal (peso al nacer mayor de 4000 g),vpp;vpn,False,hallazgo,31814480,Sin valor predictivo observado recuperado para esta población
PMID:23851150:744,744,Altura del fondo uterino (medición sínfisis-fondo),Bajo peso al nacer,vpp;vpn,False,hallazgo,23851150,Sin valor predictivo observado recuperado para esta población
PMID:23851150:745,745,Altura del fondo uterino (medición sínfisis-fondo),Pequeño para la edad gestacional,vpp;vpn,False,hallazgo,23851150,Sin valor predictivo observado recuperado para esta población
PMID:10517431:746,746,Exploración clínica de la mama,Cáncer de mama,vpp;vpn,False,hallazgo,10517431,Sin valor predictivo observado recuperado para esta población
PMID:37070783:747,747,Exploración clínica de la mama realizada por personal de salud capacitado,Cáncer de mama,vpp;vpn,False,hallazgo,37070783,Sin valor predictivo observado recuperado para esta población
PMID:25948431:748,748,Criterios de Amsel (al menos 3 de 4),Vaginosis bacteriana,vpp;vpn,False,hallazgo,25948431,Sin valor predictivo observado recuperado para esta población
PMID:21042232:749,749,Criterios de Amsel (al menos 3 de 4),Vaginosis bacteriana,vpp;vpn,False,hallazgo,21042232,Sin valor predictivo observado recuperado para esta población
PMID:24551617:750,750,Criterios de Amsel (2 de 3 criterios),Vaginosis bacteriana en el embarazo,vpp;vpn,False,hallazgo,24551617,Sin valor predictivo observado recuperado para esta población
PMID:16756982:751,751,pH vaginal mayor de 4.5 (criterio aislado de Amsel),Vaginosis bacteriana,vpp;vpn,False,hallazgo,16756982,Sin valor predictivo observado recuperado para esta población
PMID:16756982:752,752,Secreción vaginal homogenea (criterio aislado de Amsel),Vaginosis bacteriana,vpp;vpn,False,hallazgo,16756982,Sin valor predictivo observado recuperado para esta población
PMID:16756982:753,753,Células clave en fresco (criterio aislado de Amsel),Vaginosis bacteriana,vpp;vpn,False,hallazgo,16756982,Sin valor predictivo observado recuperado para esta población
PMID:24135180:754,754,pH vaginal mayor de 4.5 medido con tira reactiva,Vaginosis bacteriana,vpp;vpn,False,hallazgo,24135180,Sin valor predictivo observado recuperado para esta población
PMID:18480117:755,755,Presión arterial media de 90 mmHg o mas en el segundo trimestre,Preeclampsia,vpp;vpn,False,hallazgo,18480117,Sin valor predictivo observado recuperado para esta población
PMID:18480117:756,756,Presión arterial diastólica de 75 mmHg o mas entre las semanas 13 y 20,Preeclampsia en embarazadas de alto riesgo,sn;sp;vpp;vpn,False,hallazgo,18480117,Sin valor predictivo observado recuperado para esta población; Cifra no recuperada para la misma definición; revisar fuente y umbral
PMID:35051804:757,757,Tira reactiva urinaria con proteinuria de 1+ o mas,Proteinuria significativa en sospecha de preeclampsia,vpp;vpn,False,hallazgo,35051804,Sin valor predictivo observado recuperado para esta población
PMID:24073412:758,758,"Evaluación clínica convencional: acumulación de líquido en fondo de saco, prueba de nitrazina y cristalización en helecho",Ruptura de membranas,vpp;vpn,False,hallazgo,24073412,Sin valor predictivo observado recuperado para esta población
PMID:22037683:759,759,Prueba de cristalización en helecho (arborización),Ruptura prematura de membranas,vpp;vpn,False,hallazgo,22037683,Sin valor predictivo observado recuperado para esta población
PMID:22037683:760,760,Prueba de nitrazina (pH del líquido vaginal),Ruptura prematura de membranas,vpp;vpn,False,hallazgo,22037683,Sin valor predictivo observado recuperado para esta población
PMID:25595604:761,761,Exploración pelvica bimanual como prueba de tamizaje,Cáncer de ovario,vpp;vpn,False,hallazgo,25595604,Sin valor predictivo observado recuperado para esta población
PMID:28267861:762,762,Cervix en fresa (colpitis macularis),Tricomoniasis,vpp;vpn,False,hallazgo,28267861,Sin valor predictivo observado recuperado para esta población
PMID:28267861:763,763,Ulceraciones vulvares,Herpes genital,vpp;vpn,False,hallazgo,28267861,Sin valor predictivo observado recuperado para esta población
PMID:12871888:764,764,Tacto rectovaginal para detectar nodularidad de los ligamentos uterosacros,Enfermedad del fondo de saco de Douglas (nodularidad uterosacra),vpp;vpn,False,hallazgo,12871888,Sin valor predictivo observado recuperado para esta población
PMID:12871888:765,765,Tacto rectovaginal para detectar compresión rectal externa,Compresión rectal externa por enfermedad del fondo de saco,vpp;vpn,False,hallazgo,12871888,Sin valor predictivo observado recuperado para esta población
PMID:10838271:766,766,"Uno o mas indicadores clínicos de corioamnionitis (fiebre materna, leucocitosis, dolor uterino, secreción fetida, taquicardia fetal)",Corioamnionitis,vpp;vpn,False,hallazgo,10838271,Sin valor predictivo observado recuperado para esta población
PMID:21294423:767,767,Inspección visual del cuello uterino con acido acetico,Neoplasia intraepitelial cervical grado 2 o mayor,vpp;vpn,False,hallazgo,21294423,Sin valor predictivo observado recuperado para esta población
PMID:32468576:768,768,Profundidad de la cámara anterior en el limbo (prueba de van Herick) ≤25% del grosor corneal,Ángulo camerular ocluible (riesgo de glaucoma primario de ángulo cerrado),vpp;vpn,False,hallazgo,32468576,Sin valor predictivo observado recuperado para esta población
PMID:32468576:769,769,"Prueba de la linterna oblicua (sombra en el iris nasal), grado 1",Ángulo camerular ocluible (riesgo de glaucoma primario de ángulo cerrado),vpp;vpn,False,hallazgo,32468576,Sin valor predictivo observado recuperado para esta población
PMID:24081914:770,770,Prueba de la linterna oblicua realizada por médicos no oftalmólogos,Ángulo camerular ocluible,vpp;vpn,False,hallazgo,24081914,Sin valor predictivo observado recuperado para esta población
PMID:18055793:771,771,Prueba estándar de la linterna oblicua (estudio poblacional de Liwan),Ángulo estrecho (≥2 cuadrantes sin malla trabecular pigmentada visible),vpp;vpn,False,hallazgo,18055793,Sin valor predictivo observado recuperado para esta población
PMID:18055793:772,772,Prueba de linterna oblicua simulada en lámpara de hendidura (razón sombra/diámetro corneal ≥0.18),Ángulo estrecho,vpp;vpn,False,hallazgo,18055793,Sin valor predictivo observado recuperado para esta población
PMID:8913128:773,773,Prueba de la linterna (cámara estrecha) en consulta general,Ángulo camerular ocluible,vpp;vpn,False,hallazgo,8913128,Sin valor predictivo observado recuperado para esta población
PMID:8913128:774,774,Prueba de van Herick en consulta general,Ángulo camerular ocluible,vpp;vpn,False,hallazgo,8913128,Sin valor predictivo observado recuperado para esta población
PMID:23677315:775,775,Relación excavación/disco (copa/disco) ≥0.7 en el fondo de ojo,Glaucoma primario de ángulo abierto,sn;sp;vpp;vpn,False,hallazgo,23677315,Sin valor predictivo observado recuperado para esta población; Cifra no recuperada para la misma definición; revisar fuente y umbral
PMID:23677315:776,776,Asimetría de la relación excavación/disco ≥0.3 entre ambos ojos,Glaucoma primario de ángulo abierto,sn;sp;vpp;vpn,False,hallazgo,23677315,Sin valor predictivo observado recuperado para esta población; Cifra no recuperada para la misma definición; revisar fuente y umbral
PMID:23677315:777,777,Hemorragia en astilla del borde del disco óptico,Glaucoma primario de ángulo abierto,sn;sp;vpp;vpn,False,hallazgo,23677315,Sin valor predictivo observado recuperado para esta población; Cifra no recuperada para la misma definición; revisar fuente y umbral
PMID:23677315:778,778,Presión intraocular ≥22 mmHg,Glaucoma primario de ángulo abierto,sn;sp;vpp;vpn,False,hallazgo,23677315,Sin valor predictivo observado recuperado para esta población; Cifra no recuperada para la misma definición; revisar fuente y umbral
PMID:35608575:779,779,Tonometría aislada como prueba de tamizaje,Glaucoma primario de ángulo abierto,vpp;vpn,False,hallazgo,35608575,Sin valor predictivo observado recuperado para esta población
PMID:36401633:780,780,Papiledema en la oftalmoscopia,Tumor intracraneal,vpp;vpn,False,hallazgo,36401633,Sin valor predictivo observado recuperado para esta población
PMID:36401633:781,781,Papiledema en la oftalmoscopia,Patología intracraneal (tumor o hipertensión intracraneal idiopática),vpp;vpn,False,hallazgo,36401633,Sin valor predictivo observado recuperado para esta población
PMID:31739316:782,782,Diámetro de la vaina del nervio óptico por ultrasonido a pie de cama (corte óptimo 5.0 mm),Hipertensión intracraneal en traumatismo craneoencefálico,vpp;vpn,False,hallazgo,31739316,Sin valor predictivo observado recuperado para esta población
PMID:31739316:783,783,Diámetro de la vaina del nervio óptico por ultrasonido a pie de cama,Hipertensión intracraneal de causa no traumática,vpp;vpn,False,hallazgo,31739316,Sin valor predictivo observado recuperado para esta población
PMID:39142382:784,784,Diámetro de la vaina del nervio óptico por ultrasonido en niños,Hipertensión intracraneal,vpp;vpn,False,hallazgo,39142382,Sin valor predictivo observado recuperado para esta población
PMID:24050798:785,785,Altura máxima del disco óptico >0.6 mm por ultrasonido ocular a pie de cama,Edema de papila,vpp;vpn,False,hallazgo,24050798,Sin valor predictivo observado recuperado para esta población
PMID:24050798:786,786,Altura máxima del disco óptico >1.0 mm por ultrasonido ocular a pie de cama,Edema de papila,vpp;vpn,False,hallazgo,24050798,Sin valor predictivo observado recuperado para esta población
PMID:23433654:787,787,Identificación de hallazgos relevantes del fondo de ojo por urgenciólogos en fotografía no midriática,"Hallazgos del fondo de ojo relevantes en urgencias (edema de papila, retinopatía hipertensiva III/IV, hemorragias, palidez papilar, oclusión vascular)",vpp;vpn,False,hallazgo,23433654,Sin valor predictivo observado recuperado para esta población
PMID:24907174:788,788,Oftalmoscopia directa realizada por el internista/diabetólogo,Retinopatía diabética (cualquier grado),vpp;vpn,False,hallazgo,24907174,Sin valor predictivo observado recuperado para esta población
PMID:24907174:789,789,Oftalmoscopia directa para retinopatía diabética que no amenaza la visión,Retinopatía diabética que no amenaza la visión,vpp;vpn,False,hallazgo,24907174,Sin valor predictivo observado recuperado para esta población
PMID:24907174:790,790,Oftalmoscopia directa para retinopatía diabética que amenaza la visión,Retinopatía diabética que amenaza la visión,vpp;vpn,False,hallazgo,24907174,Sin valor predictivo observado recuperado para esta población
PMID:30636351:791,791,Ultrasonido ocular a pie de cama (POCUS),Desprendimiento de retina,vpp;vpn,False,hallazgo,30636351,Sin valor predictivo observado recuperado para esta población
PMID:32074291:792,792,Ultrasonido ocular a pie de cama realizado por urgenciólogos,Desprendimiento de retina,vpp;vpn,False,hallazgo,32074291,Sin valor predictivo observado recuperado para esta población
PMID:32074291:793,793,Ultrasonido ocular a pie de cama,Hemorragia vítrea,vpp;vpn,False,hallazgo,32074291,Sin valor predictivo observado recuperado para esta población
PMID:32074291:794,794,Ultrasonido ocular a pie de cama,Desprendimiento del vítreo posterior,vpp;vpn,False,hallazgo,32074291,Sin valor predictivo observado recuperado para esta población
PMID:19934426:795,795,Hemorragia vítrea vista en biomicroscopía con lámpara de hendidura,Desgarro retiniano en desprendimiento agudo de vítreo posterior,vpp;vpn,False,hallazgo,19934426,Sin valor predictivo observado recuperado para esta población
PMID:19934426:796,796,Pigmento en el vítreo anterior (signo de Shafer),Desgarro retiniano en desprendimiento agudo de vítreo posterior,vpp;vpn,False,hallazgo,19934426,Sin valor predictivo observado recuperado para esta población
PMID:19934426:797,797,Disminución subjetiva de la visión referida por el paciente,Desgarro retiniano en desprendimiento agudo de vítreo posterior,vpp;vpn,False,hallazgo,19934426,Sin valor predictivo observado recuperado para esta población
PMID:32555518:798,798,"Escala BERT de Belfast (sexo masculino 1, miopía 1, visión borrosa 2, sombra 2, hemorragia vítrea 3, polvo de tabaco 4; total >3)",Desgarro o desprendimiento de retina en paciente con fotopsias y miodesopsias,vpp;vpn,False,hallazgo,32555518,Sin valor predictivo observado recuperado para esta población
PMID:35699701:799,799,Secreción mucopurulenta ocular,Conjuntivitis bacteriana (frente a viral),vpp;vpn,False,hallazgo,35699701,Sin valor predictivo observado recuperado para esta población
PMID:35699701:800,800,Otitis media concomitante,Conjuntivitis bacteriana (frente a viral),vpp;vpn,False,hallazgo,35699701,Sin valor predictivo observado recuperado para esta población
PMID:35699701:801,801,Contacto con otra persona con ojo rojo,Conjuntivitis viral (frente a bacteriana),vpp;vpn,False,hallazgo,35699701,Sin valor predictivo observado recuperado para esta población
PMID:35699701:802,802,Faringitis concomitante,Conjuntivitis viral (frente a bacteriana),ln;vpp;vpn,False,hallazgo,35699701,Sin valor predictivo observado recuperado para esta población; Cifra no recuperada para la misma definición; revisar fuente y umbral
PMID:35699701:803,803,Adenopatía preauricular palpable,Conjuntivitis viral (frente a bacteriana),ln;vpp;vpn,False,hallazgo,35699701,Sin valor predictivo observado recuperado para esta población; Cifra no recuperada para la misma definición; revisar fuente y umbral
PMID:30893373:806,806,"Modelo clínico de 7 factores (ocupación, trauma, evolución, profundidad, lesiones satélite, placa endotelial, adelgazamiento estromal)",Queratitis micótica (frente a bacteriana) en queratitis microbiana grave,vpp;vpn,False,hallazgo,30893373,Sin valor predictivo observado recuperado para esta población
PMID:24909916:807,807,Mejoría de la visión con agujero estenopeico (visión <6/12 que mejora a 6/12 o mejor),Error refractivo significativo (equivalente esférico > ±0.50 D),vpp;vpn,False,hallazgo,24909916,Sin valor predictivo observado recuperado para esta población
PMID:24909916:808,808,Mejoría de más de una línea logMAR con agujero estenopeico,Error refractivo significativo (equivalente esférico > ±0.50 D),vpp;vpn,False,hallazgo,24909916,Sin valor predictivo observado recuperado para esta población
PMID:24909916:809,809,Mejoría de más de dos líneas logMAR con agujero estenopeico,Error refractivo significativo (equivalente esférico > ±0.50 D),vpp;vpn,False,hallazgo,24909916,Sin valor predictivo observado recuperado para esta población
PMID:33180103:810,810,Reflejo rojo (prueba de Brückner) sin dilatación pupilar,Cualquier patología ocular en el lactante,vpp;vpn,False,hallazgo,33180103,Sin valor predictivo observado recuperado para esta población
PMID:33180103:811,811,Reflejo rojo sin dilatación pupilar (patología que requiere intervención),Patología ocular del lactante que requiere intervención médica o quirúrgica,vpp;vpn,False,hallazgo,33180103,Sin valor predictivo observado recuperado para esta población
PMID:34304165:812,812,Prueba del reflejo rojo en el recién nacido,Anomalías oculares del recién nacido (sobre todo del segmento anterior),vpp;vpn,False,hallazgo,34304165,Sin valor predictivo observado recuperado para esta población
PMID:26250688:815,815,Ultrasonido ocular en modo B a pie de cama,Hemorragia vítrea o prerretiniana asociada a hemorragia subaracnoidea (síndrome de Terson),vpp;vpn,False,hallazgo,26250688,Sin valor predictivo observado recuperado para esta población
PMID:26250688:816,816,Ultrasonido ocular en modo B a pie de cama para hemorragias retinianas,Hemorragias retinianas asociadas a hemorragia subaracnoidea,vpp;vpn,False,hallazgo,26250688,Sin valor predictivo observado recuperado para esta población
PMID:20385890:817,817,Campimetría por confrontación con objeto rojo en movimiento (cinética),Defecto del campo visual,vpp;vpn,False,hallazgo,20385890,Sin valor predictivo observado recuperado para esta población
PMID:20385890:818,818,Campimetría por confrontación combinando objeto rojo cinético y movimiento de dedos estático,Defecto del campo visual,vpp;vpn,False,hallazgo,20385890,Sin valor predictivo observado recuperado para esta población
PMID:14654613:819,819,Otoscopia neumatica (movilidad de la membrana timpánica) para derrame en oído medio,Otitis media con derrame,vpp;vpn,False,hallazgo,14654613,Sin valor predictivo observado recuperado para esta población
PMID:20638734:820,820,Otoscopia neumatica realizada por medico adscrito (otorrinolaringologo pediatra),Derrame en oído medio,vpp;vpn,False,hallazgo,20638734,Sin valor predictivo observado recuperado para esta población
PMID:20638734:821,821,Otoscopia neumatica realizada por residente,Derrame en oído medio,vpp;vpn,False,hallazgo,20638734,Sin valor predictivo observado recuperado para esta población
PMID:20638734:822,822,Microscopia binocular del oído por adscrito,Derrame en oído medio,vpp;vpn,False,hallazgo,20638734,Sin valor predictivo observado recuperado para esta población
PMID:14506123:823,823,Membrana timpánica abombada,Otitis media aguda,sn;sp;ln;vpp;vpn,False,hallazgo,14506123,Sin valor predictivo observado recuperado para esta población; Cifra no recuperada para la misma definición; revisar fuente y umbral
PMID:14506123:824,824,Membrana timpánica opaca o turbia,Otitis media aguda,sn;sp;ln;vpp;vpn,False,hallazgo,14506123,Sin valor predictivo observado recuperado para esta población; Cifra no recuperada para la misma definición; revisar fuente y umbral
PMID:14506123:825,825,Membrana timpánica claramente inmovil a la otoscopia neumatica,Otitis media aguda,sn;sp;ln;vpp;vpn,False,hallazgo,14506123,Sin valor predictivo observado recuperado para esta población; Cifra no recuperada para la misma definición; revisar fuente y umbral
PMID:14506123:826,826,Membrana timpánica francamente eritematosa,Otitis media aguda,sn;sp;ln;vpp;vpn,False,hallazgo,14506123,Sin valor predictivo observado recuperado para esta población; Cifra no recuperada para la misma definición; revisar fuente y umbral
PMID:14506123:827,827,Membrana timpánica de coloración normal,Otitis media aguda,sn;sp;ln;vpp;vpn,False,hallazgo,14506123,Sin valor predictivo observado recuperado para esta población; Cifra no recuperada para la misma definición; revisar fuente y umbral
PMID:14506123:828,828,Otalgia referida por el paciente o el cuidador,Otitis media aguda,vpp;vpn,False,hallazgo,14506123,Sin valor predictivo observado recuperado para esta población
PMID:30858261:829,829,Secreción purulenta en el meato medio (rinoscopia),Rinosinusitis aguda,vpp;vpn,False,hallazgo,30858261,Sin valor predictivo observado recuperado para esta población
PMID:30858261:830,830,Transiluminación de senos paranasales anormal,Rinosinusitis aguda,vpp;vpn,False,hallazgo,30858261,Sin valor predictivo observado recuperado para esta población
PMID:30858261:831,831,Cacosmia (aliento fetido percibido por el paciente),Rinosinusitis aguda bacteriana,vpp;vpn,False,hallazgo,30858261,Sin valor predictivo observado recuperado para esta población
PMID:30858261:832,832,Dolor en los dientes superiores,Rinosinusitis aguda bacteriana,vpp;vpn,False,hallazgo,30858261,Sin valor predictivo observado recuperado para esta población
PMID:31208974:833,833,Impresión clínica global del medico (gestalt),Rinosinusitis aguda bacteriana,vpp;vpn,False,hallazgo,31208974,Sin valor predictivo observado recuperado para esta población
PMID:25782075:834,834,Secreción moderada o abundante en fosa nasal a la rinoscopia anterior (día 9-10),Rinosinusitis aguda bacteriana,vpp;vpn,False,hallazgo,25782075,Sin valor predictivo observado recuperado para esta población
PMID:25782075:835,835,Secreción visible en el meato medio (día 9-10),Rinosinusitis aguda bacteriana,vpp;vpn,False,hallazgo,25782075,Sin valor predictivo observado recuperado para esta población
PMID:25782075:836,836,Secreción visible en la pared posterior de la faringe (día 9-10),Rinosinusitis aguda bacteriana,vpp;vpn,False,hallazgo,25782075,Sin valor predictivo observado recuperado para esta población
PMID:25782075:837,837,Odontalgia (dolor dental) a los 9-10 días de evolución,Rinosinusitis aguda bacteriana,vpp;vpn,False,hallazgo,25782075,Sin valor predictivo observado recuperado para esta población
PMID:16434632:838,838,Prueba de la voz susurrada (incapacidad para percibir el susurro),Hipoacusia,sn;sp;vpp;vpn,False,hallazgo,16434632,Sin valor predictivo observado recuperado para esta población; Cifra no recuperada para la misma definición; revisar fuente y umbral
PMID:16434632:839,839,Prueba de Weber anormal (lateralización),Hipoacusia,sn;sp;vpp;vpn,False,hallazgo,16434632,Sin valor predictivo observado recuperado para esta población; Cifra no recuperada para la misma definición; revisar fuente y umbral
PMID:16434632:840,840,Prueba de Rinne anormal (conducción ósea mayor que la aerea),Hipoacusia,sn;sp;vpp;vpn,False,hallazgo,16434632,Sin valor predictivo observado recuperado para esta población; Cifra no recuperada para la misma definición; revisar fuente y umbral
PMID:14576249:841,841,Prueba de la voz susurrada en adultos,Hipoacusia,vpp;vpn,False,hallazgo,14576249,Sin valor predictivo observado recuperado para esta población
PMID:14576249:842,842,Prueba de la voz susurrada en niños,Hipoacusia,vpp;vpn,False,hallazgo,14576249,Sin valor predictivo observado recuperado para esta población
PMID:29661046:843,843,Prueba de Rinne con diapasón de 256 Hz,Hipoacusia conductiva,lp;ln;vpp;vpn,False,hallazgo,29661046,Sin valor predictivo observado recuperado para esta población; Cifra no recuperada para la misma definición; revisar fuente y umbral
PMID:27919588:845,845,"Cuestionario STOP-BANG (detección de apnea leve, IAH mayor o igual a 5)",Apnea obstructiva del sueno leve,vpp;vpn,False,hallazgo,27919588,Sin valor predictivo observado recuperado para esta población
PMID:27919588:846,846,"Cuestionario STOP-BANG (detección de apnea moderada, IAH mayor o igual a 15)",Apnea obstructiva del sueno moderada,vpp;vpn,False,hallazgo,27919588,Sin valor predictivo observado recuperado para esta población
PMID:27919588:847,847,"Cuestionario STOP-BANG (detección de apnea grave, IAH mayor o igual a 30)",Apnea obstructiva del sueno grave,vpp;vpn,False,hallazgo,27919588,Sin valor predictivo observado recuperado para esta población
PMID:27919588:848,848,"Cuestionario de Berlin (detección de apnea leve, IAH mayor o igual a 5)",Apnea obstructiva del sueno leve,vpp;vpn,False,hallazgo,27919588,Sin valor predictivo observado recuperado para esta población
PMID:23989984:849,849,Ahogo o sensación de asfixia nocturna referida,Apnea obstructiva del sueno,sn;sp;ln;vpp;vpn,False,hallazgo,23989984,Sin valor predictivo observado recuperado para esta población; Cifra no recuperada para la misma definición; revisar fuente y umbral
PMID:23989984:850,850,Ronquido,Apnea obstructiva del sueno,sn;sp;ln;vpp;vpn,False,hallazgo,23989984,Sin valor predictivo observado recuperado para esta población; Cifra no recuperada para la misma definición; revisar fuente y umbral
PMID:23989984:851,851,Ronquido leve con índice de masa corporal menor de 26,Apnea obstructiva del sueno moderada o grave,sn;sp;ln;vpp;vpn,False,hallazgo,23989984,Sin valor predictivo observado recuperado para esta población; Cifra no recuperada para la misma definición; revisar fuente y umbral
PMID:38055421:852,852,Circunferencia del cuello mayor de 41 cm en hombres,Apnea obstructiva del sueno,vpp;vpn,False,hallazgo,38055421,Sin valor predictivo observado recuperado para esta población
PMID:38055421:853,853,Circunferencia del cuello mayor de 36.5 cm en mujeres,Apnea obstructiva del sueno,vpp;vpn,False,hallazgo,38055421,Sin valor predictivo observado recuperado para esta población
PMID:21206744:854,854,Clase IV de Mallampati para predecir apnea grave,Apnea obstructiva del sueno grave,vpp;vpn,False,hallazgo,21206744,Sin valor predictivo observado recuperado para esta población
PMID:21206744:855,855,Clase I de Mallampati para descartar apnea del sueno,Ausencia de apnea obstructiva del sueno,vpp;vpn,False,hallazgo,21206744,Sin valor predictivo observado recuperado para esta población
PMID:30843190:856,856,Mallampati modificado para intubación traqueal dificil,Intubación traqueal dificil,vpp;vpn,False,hallazgo,30843190,Sin valor predictivo observado recuperado para esta población
PMID:30843190:857,857,Prueba de mordida del labio superior,Laringoscopia dificil,vpp;vpn,False,hallazgo,30843190,Sin valor predictivo observado recuperado para esta población
PMID:36625850:858,858,Ultrasonido para absceso periamigdalino,Absceso periamigdalino,vpp;vpn,False,hallazgo,36625850,Sin valor predictivo observado recuperado para esta población
PMID:36625850:859,859,Exploración física de la orofaringe para absceso periamigdalino,Absceso periamigdalino,vpp;vpn,False,hallazgo,36625850,Sin valor predictivo observado recuperado para esta población
PMID:36453134:860,860,Prueba de impulso cefálico (head impulse test),Causa central del síndrome vestibular agudo,vpp;vpn,False,hallazgo,36453134,Sin valor predictivo observado recuperado para esta población
PMID:36453134:861,861,"Tipo de nistagmo (bidireccional, vertical, cambiante o torsional puro)",Causa central del síndrome vestibular agudo,vpp;vpn,False,hallazgo,36453134,Sin valor predictivo observado recuperado para esta población
PMID:36453134:862,862,Prueba de desviación oblicua (test of skew) con cover-uncover,Causa central del síndrome vestibular agudo,vpp;vpn,False,hallazgo,36453134,Sin valor predictivo observado recuperado para esta población
PMID:36453134:863,863,"Bateria HINTS (impulso cefálico, nistagmo, desviación oblicua)",Causa central del síndrome vestibular agudo,vpp;vpn,False,hallazgo,36453134,Sin valor predictivo observado recuperado para esta población
PMID:36453134:864,864,Bateria HINTS mas prueba de audición (HINTS+),Causa central del síndrome vestibular agudo,vpp;vpn,False,hallazgo,36453134,Sin valor predictivo observado recuperado para esta población
PMID:32167642:865,865,Bateria HINTS aplicada por medicos de urgencias,Causa central de vértigo (ictus vertebrobasilar),vpp;vpn,False,hallazgo,32167642,Sin valor predictivo observado recuperado para esta población
PMID:32167642:866,866,Bateria HINTS aplicada por neurologos,Causa central de vértigo (ictus vertebrobasilar),vpp;vpn,False,hallazgo,32167642,Sin valor predictivo observado recuperado para esta población
PMID:18469678:867,867,Maniobra de Dix-Hallpike,Vértigo posicional paroxistico benigno del canal semicircular posterior,vpp;vpn,False,hallazgo,18469678,Sin valor predictivo observado recuperado para esta población
PMID:11147989:868,868,Exudado amigdalino,Faringitis por estreptococo beta hemolitico del grupo A,vpp;vpn,False,hallazgo,11147989,Sin valor predictivo observado recuperado para esta población
PMID:11147989:869,869,Exudado faringeo,Faringitis por estreptococo beta hemolitico del grupo A,vpp;vpn,False,hallazgo,11147989,Sin valor predictivo observado recuperado para esta población
PMID:11147989:870,870,Adenopatías cervicales anteriores dolorosas,Faringitis por estreptococo beta hemolitico del grupo A,vpp;vpn,False,hallazgo,11147989,Sin valor predictivo observado recuperado para esta población
PMID:15900010:871,871,"Paresia facial aguda, deriva del brazo o alteración del habla (al menos uno)",Evento vascular cerebral,vpp;vpn,False,hallazgo,15900010,Sin valor predictivo observado recuperado para esta población
PMID:28214369:872,872,Migración del dolor al cuadrante inferior derecho (fosa iliaca derecha),Apendicitis aguda,vpp;vpn,False,hallazgo,28214369,Sin valor predictivo observado recuperado para esta población
PMID:28214369:873,873,Dolor en fosa iliaca derecha al toser o al brincar (prueba del salto),Apendicitis aguda,vpp;vpn,False,hallazgo,28214369,Sin valor predictivo observado recuperado para esta población
PMID:28214369:874,874,Signo de Rovsing (dolor referido a fosa iliaca derecha al palpar la fosa iliaca izquierda),Apendicitis aguda,vpp;vpn,False,hallazgo,28214369,Sin valor predictivo observado recuperado para esta población
PMID:28214369:875,875,Escala de Apendicitis Pediátrica (PAS) mayor o igual a 9 puntos,Apendicitis aguda,sn;vpp;vpn,False,hallazgo,28214369,Sin valor predictivo observado recuperado para esta población; Cifra no recuperada para la misma definición; revisar fuente y umbral
PMID:28214369:876,876,Ultrasonido a pie de cama realizado por el urgenciologo (POCUS) para apendicitis,Apendicitis aguda,vpp;vpn,False,hallazgo,28214369,Sin valor predictivo observado recuperado para esta población
PMID:36966018:877,877,"Escala de Alvarado (MANTRELS) en niños, punto de corte habitual",Apendicitis aguda,vpp;vpn,False,hallazgo,36966018,Sin valor predictivo observado recuperado para esta población
PMID:36966018:878,878,Escala de Alvarado modificada en niños,Apendicitis aguda,vpp;vpn,False,hallazgo,36966018,Sin valor predictivo observado recuperado para esta población
PMID:24731432:879,879,Escala de Alvarado menor de 4 puntos (umbral de descarte en niños),Apendicitis aguda,sn;sp;ln;vpp;vpn,False,ordinal,24731432,Categoría ordinal: no inferir LR−/VPN de un umbral binario; Sin valor predictivo observado recuperado para esta población; Cifra no recuperada para la misma definición; revisar fuente y umbral
PMID:24731432:880,880,Escala de Alvarado mayor o igual a 7 puntos en niños,Apendicitis aguda,sn;sp;ln;vpp;vpn,False,ordinal,24731432,Categoría ordinal: no inferir LR−/VPN de un umbral binario; Sin valor predictivo observado recuperado para esta población; Cifra no recuperada para la misma definición; revisar fuente y umbral
PMID:24731432:881,881,Escala de Alvarado mayor o igual a 9 puntos en niños,Apendicitis aguda,sn;sp;ln;vpp;vpn,False,ordinal,24731432,Categoría ordinal: no inferir LR−/VPN de un umbral binario; Sin valor predictivo observado recuperado para esta población; Cifra no recuperada para la misma definición; revisar fuente y umbral
PMID:24731432:882,882,Escala PAS menor de 4 puntos (umbral de descarte),Apendicitis aguda,sn;sp;ln;vpp;vpn,False,ordinal,24731432,Categoría ordinal: no inferir LR−/VPN de un umbral binario; Sin valor predictivo observado recuperado para esta población; Cifra no recuperada para la misma definición; revisar fuente y umbral
PMID:24731432:883,883,Escala PAS mayor o igual a 8 puntos,Apendicitis aguda,sn;sp;ln;vpp;vpn,False,ordinal,24731432,Categoría ordinal: no inferir LR−/VPN de un umbral binario; Sin valor predictivo observado recuperado para esta población; Cifra no recuperada para la misma definición; revisar fuente y umbral
PMID:25706925:884,884,Escala de Alvarado mayor o igual a 7 puntos (validación prospectiva),Apendicitis aguda,vpp;vpn,False,hallazgo,25706925,Sin valor predictivo observado recuperado para esta población
PMID:25706925:885,885,Escala PAS mayor o igual a 7 puntos (validación prospectiva),Apendicitis aguda,vpp;vpn,False,hallazgo,25706925,Sin valor predictivo observado recuperado para esta población
PMID:19549016:886,886,Escala PAS ≥5 puntos (resultado negativo: ≤4),Apendicitis aguda,vpp,False,hallazgo,19549016,Sin valor predictivo observado recuperado para esta población
PMID:19549016:887,887,Escala PAS mayor o igual a 8 puntos (umbral quirúrgico),Apendicitis aguda,vpn,False,hallazgo,19549016,Sin valor predictivo observado recuperado para esta población
PMID:17652298:888,888,Fiebre,Apendicitis aguda,vpp;vpn,False,hallazgo,17652298,Sin valor predictivo observado recuperado para esta población
PMID:17652298:889,889,Dolor de rebote (signo de Blumberg / descompresión dolorosa),Apendicitis aguda,sn;sp;vpp;vpn,False,hallazgo,17652298,Sin valor predictivo observado recuperado para esta población; Cifra no recuperada para la misma definición; revisar fuente y umbral
PMID:17652298:890,890,Dolor localizado en fosa iliaca derecha (sin migración),Apendicitis aguda,sn;sp;vpp;vpn,False,hallazgo,17652298,Sin valor predictivo observado recuperado para esta población; Cifra no recuperada para la misma definición; revisar fuente y umbral
PMID:17652298:891,891,Leucocitos >10 000/µL (o >10 100/µL según el estudio),Apendicitis aguda,sn;sp;vpp;vpn,False,hallazgo,17652298,Sin valor predictivo observado recuperado para esta población; Cifra no recuperada para la misma definición; revisar fuente y umbral
PMID:17652298:892,892,Cuenta absoluta de neutrófilos >6750/µL,Apendicitis aguda,vpp;vpn,False,hallazgo,17652298,Sin valor predictivo observado recuperado para esta población
PMID:37722950:893,893,Oliva pilorica palpable (masa pilorica en epigastrio),Estenosis hipertrófica del piloro,vpp;vpn,False,hallazgo,37722950,Sin valor predictivo observado recuperado para esta población
PMID:37722950:894,894,Ultrasonido a pie de cama (POCUS) del piloro,Estenosis hipertrófica del piloro,vpp;vpn,False,hallazgo,37722950,Sin valor predictivo observado recuperado para esta población
PMID:37722950:895,895,Vomito (como síntoma aislado),Estenosis hipertrófica del piloro,vpp;vpn,False,hallazgo,37722950,Sin valor predictivo observado recuperado para esta población
PMID:36043474:896,896,Ultrasonido: grosor de la pared muscular pilorica mayor o igual a 3 mm,Estenosis hipertrófica del piloro,vpp;vpn,False,hallazgo,36043474,Sin valor predictivo observado recuperado para esta población
PMID:32941364:897,897,Ultrasonido a pie de cama (POCUS) abdominal,Invaginación intestinal,sn;sp;vpp;vpn,False,hallazgo,32941364,Sin valor predictivo observado recuperado para esta población; Cifra no recuperada para la misma definición; revisar fuente y umbral
PMID:32941364:898,898,Radiografía simple de abdomen anormal,Invaginación intestinal,sn;sp;vpp;vpn,False,hallazgo,32941364,Sin valor predictivo observado recuperado para esta población; Cifra no recuperada para la misma definición; revisar fuente y umbral
PMID:16878231:899,899,"Definición clínica de caso de invaginación aguda (criterios clínicos sin imagen), cohorte de Hanoi",Invaginación intestinal aguda,vpp;vpn,False,hallazgo,16878231,Sin valor predictivo observado recuperado para esta población
PMID:16878231:900,900,"Definición clínica de caso de invaginación aguda, cohorte de Melbourne",Invaginación intestinal aguda,vpp;vpn,False,hallazgo,16878231,Sin valor predictivo observado recuperado para esta población
PMID:40945392:901,901,"Modelo clínico de 4 items (ausencia de fiebre, dolor abdominal intermitente o irritabilidad, ausencia de diarrea y dolor a la palpación en hipocondrio derecho)",Invaginación intestinal,vpp;vpn,False,hallazgo,40945392,Sin valor predictivo observado recuperado para esta población
PMID:38619828:902,902,Maniobras de Barlow y Ortolani (luxar y reducir una cadera inestable),Cadera luxada / displasia del desarrollo de la cadera,vpp;vpn,False,hallazgo,38619828,Sin valor predictivo observado recuperado para esta población
PMID:38619828:903,903,Limitación de la abducción de la cadera,Cadera luxada / displasia del desarrollo de la cadera,vpp;vpn,False,hallazgo,38619828,Sin valor predictivo observado recuperado para esta población
PMID:38619828:904,904,Chasquido de cadera (click),Cadera luxada / displasia del desarrollo de la cadera,vpp;vpn,False,hallazgo,38619828,Sin valor predictivo observado recuperado para esta población
PMID:35755788:905,905,Prueba de Ortolani-Barlow (análisis agrupado),Displasia del desarrollo de la cadera,vpp;vpn,False,hallazgo,35755788,Sin valor predictivo observado recuperado para esta población
PMID:35755788:906,906,Ortolani-Barlow combinada con limitación de la abducción,Displasia del desarrollo de la cadera,vpp;vpn,False,hallazgo,35755788,Sin valor predictivo observado recuperado para esta población
PMID:32080058:907,907,Asimetría de pliegues inguinales y del muslo como hallazgo aislado,Displasia del desarrollo de la cadera,vpp;vpn,False,hallazgo,32080058,Sin valor predictivo observado recuperado para esta población
PMID:32080058:908,908,"Asimetría de pliegues cutaneos, sola o acompanada de otros hallazgos",Displasia del desarrollo de la cadera,vpp;vpn,False,hallazgo,32080058,Sin valor predictivo observado recuperado para esta población
PMID:27974165:909,909,Pliegues cutaneos asimétricos (detección en primer nivel),Displasia del desarrollo de la cadera,vpp;vpn,False,hallazgo,27974165,Sin valor predictivo observado recuperado para esta población
PMID:27974165:910,910,Acortamiento aparente del miembro inferior (equivalente al signo de Galeazzi),Displasia del desarrollo de la cadera,vpp;vpn,False,hallazgo,27974165,Sin valor predictivo observado recuperado para esta población
PMID:27974165:911,911,Abducción reducida de la cadera (detección en primer nivel),Displasia del desarrollo de la cadera,vpp;vpn,False,hallazgo,27974165,Sin valor predictivo observado recuperado para esta población
PMID:25534121:914,914,"Dolor a la palpación en 1 de 5 sitios óseos mas limitación de la extensión del codo (prueba combinada), para fractura",Fractura del codo,vpp;vpn,False,hallazgo,25534121,Sin valor predictivo observado recuperado para esta población
PMID:25534121:915,915,Prueba de extensión del codo aislada en menores de 3 años,Lesión significativa del codo (fractura o derrame),sp;lp;ln;vpp;vpn,False,hallazgo,25534121,Sin valor predictivo observado recuperado para esta población; Cifra no recuperada para la misma definición; revisar fuente y umbral
PMID:36811717:916,916,Escala TWIST mayor o igual a 5 puntos,Torsión testicular,vpp;vpn,False,hallazgo,36811717,Sin valor predictivo observado recuperado para esta población
PMID:35238603:917,917,"Escala TWIST de 0 a 2 puntos (grupo de bajo riesgo, estratificación de Barbosa)",Torsión testicular,sp;lp;ln;vpp;vpn,False,hallazgo,35238603,Sin valor predictivo observado recuperado para esta población; Cifra no recuperada para la misma definición; revisar fuente y umbral
PMID:35238603:918,918,"Escala TWIST de 5 a 7 puntos (grupo de alto riesgo, estratificación de Barbosa)",Torsión testicular,sn;lp;ln;vpp;vpn,False,hallazgo,35238603,Sin valor predictivo observado recuperado para esta población; Cifra no recuperada para la misma definición; revisar fuente y umbral
PMID:26279100:919,919,Volumen del testiculo contralateral mayor de 2 mL medido con orquidometro (hipertrofia testicular compensadora),Monorquidia (testiculo evanescente o nubbin) en criptorquidia unilateral no palpable,vpp;vpn,False,hallazgo,26279100,Sin valor predictivo observado recuperado para esta población
PMID:28763554:920,920,Taquipnea (frecuencia respiratoria >40 por minuto),Neumonía adquirida en la comunidad,vpp;vpn,False,hallazgo,28763554,Sin valor predictivo observado recuperado para esta población
PMID:28763554:921,921,Hipoxemia moderada (saturación de oxígeno <=96%),Neumonía adquirida en la comunidad,vpp;vpn,False,hallazgo,28763554,Sin valor predictivo observado recuperado para esta población
PMID:28763554:922,922,"Aumento del trabajo respiratorio (quejido, aleteo nasal y tiraje)",Neumonía adquirida en la comunidad,sn;sp;ln;vpp;vpn,False,hallazgo,28763554,Sin valor predictivo observado recuperado para esta población; Cifra no recuperada para la misma definición; revisar fuente y umbral
PMID:25769269:923,923,Respiración rápida según la edad (criterio OMS),Neumonía,vpp;vpn,False,hallazgo,25769269,Sin valor predictivo observado recuperado para esta población
PMID:25769269:924,924,Tiraje de la pared torácica inferior (tiraje subcostal),Neumonía,vpp;vpn,False,hallazgo,25769269,Sin valor predictivo observado recuperado para esta población
PMID:25769269:925,925,Quejido espiratorio,Neumonía,sn;sp;ln;vpp;vpn,False,hallazgo,25769269,Sin valor predictivo observado recuperado para esta población; Cifra no recuperada para la misma definición; revisar fuente y umbral
PMID:25769269:926,926,Aleteo nasal,Neumonía,sn;sp;ln;vpp;vpn,False,hallazgo,25769269,Sin valor predictivo observado recuperado para esta población; Cifra no recuperada para la misma definición; revisar fuente y umbral
PMID:25769269:927,927,Ausencia de tos,Neumonía,sn;sp;lp;vpp;vpn,False,hallazgo,25769269,Sin valor predictivo observado recuperado para esta población; Cifra no recuperada para la misma definición; revisar fuente y umbral
PMID:32792409:928,928,Taquipnea según la edad,Neumonía radiológica de punto final primario,vpp;vpn,False,hallazgo,32792409,Sin valor predictivo observado recuperado para esta población
PMID:32792409:929,929,Saturación de oxígeno menor de 90%,Neumonía radiológica de punto final primario,vpp;vpn,False,hallazgo,32792409,Sin valor predictivo observado recuperado para esta población
PMID:39239917:930,930,Ultrasonido pulmonar a la cabecera,Neumonía adquirida en la comunidad,vpp;vpn,False,hallazgo,39239917,Sin valor predictivo observado recuperado para esta población
PMID:19307026:931,931,Otomicroscopia realizada por el especialista,Derrame del oído medio,vpp;vpn,False,hallazgo,19307026,Sin valor predictivo observado recuperado para esta población
PMID:22048053:932,932,Exantema escarlatiniforme,Faringitis estreptocócica,sn;sp;ln;vpp;vpn,False,hallazgo,22048053,Sin valor predictivo observado recuperado para esta población; Cifra no recuperada para la misma definición; revisar fuente y umbral
PMID:22048053:933,933,Petequias en el paladar,Faringitis estreptocócica,sn;sp;ln;vpp;vpn,False,hallazgo,22048053,Sin valor predictivo observado recuperado para esta población; Cifra no recuperada para la misma definición; revisar fuente y umbral
PMID:22048053:934,934,Exudado faríngeo o amigdalino,Faringitis estreptocócica,sn;sp;ln;vpp;vpn,False,hallazgo,22048053,Sin valor predictivo observado recuperado para esta población; Cifra no recuperada para la misma definición; revisar fuente y umbral
PMID:22048053:935,935,Adenopatías cervicales anteriores dolorosas,Faringitis estreptocócica,sn;sp;ln;vpp;vpn,False,hallazgo,22048053,Sin valor predictivo observado recuperado para esta población; Cifra no recuperada para la misma definición; revisar fuente y umbral
PMID:22048053:936,936,Vómito,Faringitis estreptocócica,sn;sp;ln;vpp;vpn,False,hallazgo,22048053,Sin valor predictivo observado recuperado para esta población; Cifra no recuperada para la misma definición; revisar fuente y umbral
PMID:27374000:937,937,Prueba rápida de detección de antígeno estreptocócico,Faringitis por estreptococo del grupo A,vpp;vpn,False,hallazgo,27374000,Sin valor predictivo observado recuperado para esta población
PMID:20974781:938,938,Aspecto tóxico o moribundo,Meningitis bacteriana,sn;sp;ln;vpp;vpn,False,hallazgo,20974781,Sin valor predictivo observado recuperado para esta población; Cifra no recuperada para la misma definición; revisar fuente y umbral
PMID:20974781:939,939,Signos meníngeos (cualquiera),Meningitis bacteriana,sn;sp;vpp;vpn,False,hallazgo,20974781,Sin valor predictivo observado recuperado para esta población; Cifra no recuperada para la misma definición; revisar fuente y umbral
PMID:20974781:940,940,Rigidez de nuca,Meningitis bacteriana,sn;sp;ln;vpp;vpn,False,hallazgo,20974781,Sin valor predictivo observado recuperado para esta población; Cifra no recuperada para la misma definición; revisar fuente y umbral
PMID:20974781:941,941,Fontanela anterior abombada,Meningitis bacteriana,sn;sp;ln;vpp;vpn,False,hallazgo,20974781,Sin valor predictivo observado recuperado para esta población; Cifra no recuperada para la misma definición; revisar fuente y umbral
PMID:20974781:942,942,Signo de Kernig,Meningitis bacteriana,sn;sp;ln;vpp;vpn,False,hallazgo,20974781,Sin valor predictivo observado recuperado para esta población; Cifra no recuperada para la misma definición; revisar fuente y umbral
PMID:20974781:943,943,Signo de Brudzinski,Meningitis bacteriana,sn;sp;ln;vpp;vpn,False,hallazgo,20974781,Sin valor predictivo observado recuperado para esta población; Cifra no recuperada para la misma definición; revisar fuente y umbral
PMID:22914116:944,944,Rigidez de nuca,Meningitis bacteriana,vpp;vpn,False,hallazgo,22914116,Sin valor predictivo observado recuperado para esta población
PMID:22914116:945,945,Signo de Brudzinski,Meningitis bacteriana,vpp;vpn,False,hallazgo,22914116,Sin valor predictivo observado recuperado para esta población
PMID:22914116:946,946,Signo de Kernig,Meningitis bacteriana,vpp;vpn,False,hallazgo,22914116,Sin valor predictivo observado recuperado para esta población
PMID:22764093:947,947,Puntaje de meningitis bacteriana (Bacterial Meningitis Score),Meningitis bacteriana,vpp;vpn,False,hallazgo,22764093,Sin valor predictivo observado recuperado para esta población
PMID:15187057:948,948,Llenado capilar prolongado,Deshidratación del 5% o mayor,vpp;vpn,False,hallazgo,15187057,Sin valor predictivo observado recuperado para esta población
PMID:15187057:949,949,Turgencia cutánea disminuida (signo del pliegue),Deshidratación del 5% o mayor,vpp;vpn,False,hallazgo,15187057,Sin valor predictivo observado recuperado para esta población
PMID:15187057:950,950,Patrón respiratorio anormal (respiración profunda o acidótica),Deshidratación del 5% o mayor,vpp;vpn,False,hallazgo,15187057,Sin valor predictivo observado recuperado para esta población
PMID:9113963:951,951,Presencia de tres o más signos clínicos de deshidratación,Deshidratación del 5% o mayor,vpp;vpn,False,hallazgo,9113963,Sin valor predictivo observado recuperado para esta población
PMID:25641247:952,952,Escala clínica de deshidratación combinada con el puntaje de Gorelick de 4 ítems,Deshidratación clínicamente significativa,sn;sp;vpp;vpn,False,hallazgo,25641247,Sin valor predictivo observado recuperado para esta población; Cifra no recuperada para la misma definición; revisar fuente y umbral
PMID:25641247:953,953,Juicio clínico no estructurado del médico sobre la deshidratación,Deshidratación clínicamente significativa,sn;sp;vpp;vpn,False,hallazgo,25641247,Sin valor predictivo observado recuperado para esta población; Cifra no recuperada para la misma definición; revisar fuente y umbral
PMID:21902838:954,954,Escala de deshidratación de la OMS,Deshidratación grave,vpp;vpn,False,hallazgo,21902838,Sin valor predictivo observado recuperado para esta población
PMID:40268061:955,955,Escala global de gravedad respiratoria (GRSS),Bronquiolitis grave,vpp;vpn,False,hallazgo,40268061,Sin valor predictivo observado recuperado para esta población
PMID:18191685:956,956,Algoritmo de siete signos de alarma en el neonato de 0 a 6 días,Enfermedad grave que requiere hospitalización en el menor de 2 meses,vpp;vpn,False,hallazgo,18191685,Sin valor predictivo observado recuperado para esta población
PMID:18191685:957,957,Algoritmo de siete signos de alarma en el lactante de 7 a 59 días,Enfermedad grave que requiere hospitalización en el menor de 2 meses,vpp;vpn,False,hallazgo,18191685,Sin valor predictivo observado recuperado para esta población
PMID:28264830:961,961,Regla ABCD de la dermatoscopia (puntaje total > 4.75),Melanoma maligno cutáneo,vpp;vpn,False,hallazgo,28264830,Sin valor predictivo observado recuperado para esta población
PMID:28264830:962,962,Lista de 7 puntos dermatoscópica (umbral ≥ 1),Melanoma maligno cutáneo,vpp;vpn,False,hallazgo,28264830,Sin valor predictivo observado recuperado para esta población
PMID:30521684:963,963,"Inspección visual del lunar sospechoso, cara a cara (paciente con pocas pruebas previas)",Melanoma invasor cutáneo y variantes melanocíticas intraepidérmicas atípicas,vpp;vpn,False,hallazgo,30521684,Sin valor predictivo observado recuperado para esta población
PMID:30521684:964,964,"Inspección visual del lunar sospechoso, cara a cara (lesión ya seleccionada para escisión)",Melanoma invasor cutáneo y variantes melanocíticas intraepidérmicas atípicas,vpp;vpn,False,hallazgo,30521684,Sin valor predictivo observado recuperado para esta población
PMID:30521682:965,965,"Dermatoscopia añadida a la inspección visual, evaluada en persona (sensibilidad a especificidad fija de 80%)",Melanoma invasor cutáneo y variantes melanocíticas intraepidérmicas atípicas,vpp;vpn,False,hallazgo,30521682,Sin valor predictivo observado recuperado para esta población
PMID:30521682:966,966,"Inspección visual sola, sin dermatoscopio, evaluada en persona (sensibilidad a especificidad fija de 80%)",Melanoma invasor cutáneo y variantes melanocíticas intraepidérmicas atípicas,vpp;vpn,False,hallazgo,30521682,Sin valor predictivo observado recuperado para esta población
PMID:26351008:967,967,Regla ABCD dermatoscópica aplicada a la cabecera en la práctica real,Melanoma maligno cutáneo,vpp;vpn,False,hallazgo,26351008,Sin valor predictivo observado recuperado para esta población
PMID:26351008:968,968,Impresión diagnóstica clínica preliminar del dermatólogo (juicio global),Melanoma maligno cutáneo,vpp;vpn,False,hallazgo,26351008,Sin valor predictivo observado recuperado para esta población
PMID:16103330:969,969,"Método de Menzies en dermatoscopia, aplicado por médicos no expertos",Melanoma maligno cutáneo,vpp;vpn,False,hallazgo,16103330,Sin valor predictivo observado recuperado para esta población
PMID:28196213:971,971,Análisis comparativo intrapaciente con el signo del patito feo,Melanoma maligno cutáneo,vpp;vpn,False,hallazgo,28196213,Sin valor predictivo observado recuperado para esta población
PMID:31747045:972,972,Dermatoscopia en el melanoma amelánico o hipomelánico,Melanoma amelánico o hipomelánico,vpp;vpn,False,hallazgo,31747045,Sin valor predictivo observado recuperado para esta población
PMID:31811677:973,973,Dermatoscopia en el lentigo maligno,Lentigo maligno,vpp;vpn,False,hallazgo,31811677,Sin valor predictivo observado recuperado para esta población
PMID:21175752:974,974,Patrón de crestas paralelas en dermatoscopia de piel acral,Melanoma acral temprano,vpp;vpn,False,hallazgo,21175752,Sin valor predictivo observado recuperado para esta población
PMID:39369689:976,976,Lista de verificación BRAAFF para lesiones acrales,Melanoma acral,vpp;vpn,False,hallazgo,39369689,Sin valor predictivo observado recuperado para esta población
PMID:30003987:977,977,"Modelo predictivo ALT-70 (asimetría, leucocitosis, taquicardia, edad ≥ 70 años)",Celulitis de extremidad inferior (frente a pseudocelulitis),sp;lp;ln;vpp,False,hallazgo,30003987,Sin valor predictivo observado recuperado para esta población; Cifra no recuperada para la misma definición; revisar fuente y umbral
PMID:28951240:980,980,Diferencia térmica ≥ 0.47 °C entre piel afectada y piel sana contralateral,Celulitis (frente a pseudocelulitis),vpp;vpn,False,hallazgo,28951240,Sin valor predictivo observado recuperado para esta población
PMID:29672405:982,982,Bulas hemorrágicas,Infección necrosante de tejidos blandos,vpp;vpn,False,hallazgo,29672405,Sin valor predictivo observado recuperado para esta población
PMID:29672405:983,983,Fiebre,Infección necrosante de tejidos blandos,vpp;vpn,False,hallazgo,29672405,Sin valor predictivo observado recuperado para esta población
PMID:29672405:984,984,Hipotensión arterial,Infección necrosante de tejidos blandos,vpp;vpn,False,hallazgo,29672405,Sin valor predictivo observado recuperado para esta población
PMID:29672405:985,985,Puntaje LRINEC ≥ 6,Infección necrosante de tejidos blandos,vpp;vpn,False,hallazgo,29672405,Sin valor predictivo observado recuperado para esta población
PMID:29672405:986,986,Puntaje LRINEC ≥ 8,Infección necrosante de tejidos blandos,vpp;vpn,False,hallazgo,29672405,Sin valor predictivo observado recuperado para esta población
PMID:19095111:987,987,"Presencia de al menos un signo duro (hipotensión, crepitación, necrosis cutánea, bulas o gas en la radiografía)",Infección necrosante de tejidos blandos,sp;lp;ln;vpp;vpn,False,hallazgo,19095111,Sin valor predictivo observado recuperado para esta población; Cifra no recuperada para la misma definición; revisar fuente y umbral
PMID:10989895:988,988,Modelo de Wall: leucocitos > 15.4 × 10⁹/L o sodio sérico < 135 mmol/L al ingreso,Fascitis necrosante,vpp;vpn,False,hallazgo,10989895,Sin valor predictivo observado recuperado para esta población
PMID:33412771:989,989,Dermatoscopia de la lesión (signo del ala delta y surco acarino),Escabiosis,vpp;vpn,False,hallazgo,33412771,Sin valor predictivo observado recuperado para esta población
PMID:36874720:990,990,Dermatoscopia de la lesión (estimación agrupada),Escabiosis,vpp;vpn,False,hallazgo,36874720,Sin valor predictivo observado recuperado para esta población
PMID:27168425:991,991,Videodermatoscopia a magnificación intermedia (20× a 70×),Escabiosis,vpp;vpn,False,hallazgo,27168425,Sin valor predictivo observado recuperado para esta población
PMID:40117604:992,992,Trayecto serpiginoso (surco acarino) en dermatoscopia de piel oscura,Escabiosis,vpp;vpn,False,hallazgo,40117604,Sin valor predictivo observado recuperado para esta población
PMID:40117604:993,993,Signo delta (triángulo oscuro del ácaro) en dermatoscopia de piel oscura,Escabiosis,vpp;vpn,False,hallazgo,40117604,Sin valor predictivo observado recuperado para esta población
PMID:39289823:994,994,Onicoscopia (dermatoscopia de la uña),Onicomicosis,vpp;vpn,False,hallazgo,39289823,Sin valor predictivo observado recuperado para esta población
PMID:31450272:995,995,Cultivo micológico de la uña (referencia tradicional),Onicomicosis,vpp;vpn,False,hallazgo,31450272,Sin valor predictivo observado recuperado para esta población
PMID:33630407:996,996,Escala de Braden para riesgo de úlcera por presión,Úlcera (lesión) por presión,vpp;vpn,False,hallazgo,33630407,Sin valor predictivo observado recuperado para esta población
PMID:31985893:997,997,Escala de Braden en terapia intensiva,Úlcera por presión en el paciente crítico,vpp;vpn,False,hallazgo,31985893,Sin valor predictivo observado recuperado para esta población
PMID:31216569:998,998,Escala de Braden Q en terapia intensiva pediátrica,Úlcera por presión pediátrica,vpp;vpn,False,hallazgo,31216569,Sin valor predictivo observado recuperado para esta población
PMID:19053912:999,999,Signo de Nikolsky en mucosa gingival,Enfermedad ampollosa autoinmunitaria oral,vpp;vpn,False,hallazgo,19053912,Sin valor predictivo observado recuperado para esta población
PMID:37507320:1000,1000,Signo de Nikolsky positivo en úlceras orales crónicas,Pénfigo vulgar oral,vpp;vpn,False,hallazgo,37507320,Sin valor predictivo observado recuperado para esta población
PMID:40129299:1001,1001,Citodiagnóstico de Tzanck (células acantolíticas),Pénfigo,vpp;vpn,False,hallazgo,40129299,Sin valor predictivo observado recuperado para esta población
PMID:41223901:1002,1002,Signo de Hutchinson (vesículas en la punta o el ala de la nariz),Afección ocular en el herpes zóster oftálmico,vpp;vpn,False,hallazgo,41223901,Sin valor predictivo observado recuperado para esta población
PMID:32081383:1003,1003,Ultrasonido en el punto de atención (POCUS) de la zona indurada,Absceso de piel y tejidos blandos (frente a celulitis),vpp;vpn,False,hallazgo,32081383,Sin valor predictivo observado recuperado para esta población
PMID:27369321:1004,1004,Prueba de contacto óseo con estilete romo (probe-to-bone),Osteomielitis del pie diabético,vpp;vpn,False,hallazgo,27369321,Sin valor predictivo observado recuperado para esta población
PMID:2754158:1005,1005,Prueba del dibujo del reloj anormal,Demencia y delirium,vpp;vpn,False,hallazgo,2754158,Sin valor predictivo observado recuperado para esta población
PMID:8790257:1006,1006,Mini-Mental ≤23 puntos (umbral tradicional),Demencia y delirium,vpp;vpn,False,hallazgo,8790257,Sin valor predictivo observado recuperado para esta población
PMID:15618841:1007,1007,Lóbulo hepático izquierdo palpable en epigastrio,Cirrosis en el paciente con hepatopatía crónica,vpp;vpn,False,hallazgo,15618841,Sin valor predictivo observado recuperado para esta población
PMID:10460203:1008,1008,"Palidez en al menos uno de tres sitios (conjuntiva, palma o lecho ungueal)",Anemia grave (hemoglobina <7 g/dL),vpp;vpn,False,hallazgo,10460203,Sin valor predictivo observado recuperado para esta población
PMID:2297289:1009,1009,Palidez facial,Hematocrito <40%,vpp;vpn,False,hallazgo,2297289,Sin valor predictivo observado recuperado para esta población
PMID:2297289:1010,1010,Palidez de los pliegues palmares,Hematocrito <40%,vpp;vpn,False,hallazgo,2297289,Sin valor predictivo observado recuperado para esta población
PMID:10460203:1011,1011,"Palidez en al menos uno de tres sitios (conjuntiva, palma o lecho ungueal)",Anemia grave (hemoglobina <7 g/dL),vpp;vpn,False,hallazgo,10460203,Sin valor predictivo observado recuperado para esta población
PMID:10460203:1012,1012,"Ausencia de palidez en conjuntiva, palma y lecho ungueal",Anemia grave (hemoglobina <7 g/dL),vpp;vpn,False,hallazgo,10460203,Sin valor predictivo observado recuperado para esta población
PMID:16913989:1013,1013,Turgencia cutánea disminuida en la región subclavicular,Hipernatremia,vpp;vpn,False,hallazgo,16913989,Sin valor predictivo observado recuperado para esta población
PMID:2926976:1014,1014,Fuerza de prensión de la mano disminuida,Desnutrición proteico-energética y complicaciones quirúrgicas mayores,vpp;vpn,False,hallazgo,2926976,Sin valor predictivo observado recuperado para esta población
PMID:7994860:1015,1015,Amplitud variable del pulso arterial,Taquicardia ventricular con disociación auriculoventricular,vpp;vpn,False,hallazgo,7994860,Sin valor predictivo observado recuperado para esta población
PMID:12014534:1016,1016,Pulso caótico (irregularmente irregular),Fibrilación auricular,vpp;vpn,False,hallazgo,12014534,Sin valor predictivo observado recuperado para esta población
PMID:8410395:1017,1017,Frecuencia respiratoria >27/min como predictor de paro cardiorrespiratorio en el paciente hospitalizado,Taquipnea,vpp;vpn,False,hallazgo,8410395,Sin valor predictivo observado recuperado para esta población
PMID:17392034:1018,1018,Saturación de oxígeno <96% para detectar síndrome hepatopulmonar en hepatopatía crónica,Saturación de oxígeno por oximetría de pulso,vpp;vpn,False,hallazgo,17392034,Sin valor predictivo observado recuperado para esta población
PMID:3068972:1019,1019,Prueba de la voz susurrada anormal (el paciente no repite lo susurrado),Hipoacusia,vpp;vpn,False,hallazgo,3068972,Sin valor predictivo observado recuperado para esta población
PMID:12171846:1020,1020,Signo de Hoover (retracción paradójica del reborde costal inferior durante la inspiración),Enfermedad pulmonar obstructiva crónica (EPOC),vpp;vpn,False,hallazgo,12171846,Sin valor predictivo observado recuperado para esta población
PMID:20214691:1021,1021,Escala de Ginebra revisada: 0 a 3 puntos (probabilidad baja),Tromboembolia pulmonar,vpp;vpn,False,hallazgo,20214691,Sin valor predictivo observado recuperado para esta población
PMID:7994860:1022,1022,Intensidad variable del primer ruido cardiaco (S1) (para detectar disociación auriculoventricular),Primer y segundo ruidos cardiacos,vpp;vpn,False,hallazgo,7994860,Sin valor predictivo observado recuperado para esta población
PMID:15135714:1023,1023,"Tercer ruido cardiaco (S3, galope ventricular) (para detectar péptido natriurético tipo B [BNP] elevado)",Tercer y cuarto ruidos cardiacos,vpp;vpn,False,hallazgo,15135714,Sin valor predictivo observado recuperado para esta población
PMID:10856408:1024,1024,Soplo sistólico característico de comunicación interventricular (para detectar comunicación interventricular),Soplos y valvulopatías,sp;lp;ln;vpp;vpn,False,hallazgo,10856408,Sin valor predictivo observado recuperado para esta población; Cifra no recuperada para la misma definición; revisar fuente y umbral
PMID:10856408:1025,1025,Soplo sistólico característico de prolapso de la válvula mitral (para detectar prolapso valvular mitral),Soplos y valvulopatías,sp;lp;ln;vpp;vpn,False,hallazgo,10856408,Sin valor predictivo observado recuperado para esta población; Cifra no recuperada para la misma definición; revisar fuente y umbral
PMID:3963660:1026,1026,Soplo diastólico característico de insuficiencia aórtica (para detectar insuficiencia aórtica leve o mayor),Soplos y valvulopatías,vpp;vpn,False,hallazgo,3963660,Sin valor predictivo observado recuperado para esta población
PMID:3963660:1027,1027,Soplo diastólico característico de insuficiencia aórtica (para detectar insuficiencia aórtica moderada a grave),Soplos y valvulopatías,vpp;vpn,False,hallazgo,3963660,Sin valor predictivo observado recuperado para esta población
PMID:2897627:1028,1028,Soplo que aumenta durante la fase de esfuerzo de Valsalva (detección de miocardiopatía hipertrófica),Soplos sistólicos y maniobras,vpp;vpn,False,hallazgo,2897627,Sin valor predictivo observado recuperado para esta población
PMID:2897627:1029,1029,Soplo que aumenta con el apretón de manos isométrico (detección de insuficiencia mitral o comunicación interventricular),Soplos sistólicos y maniobras,vpp;vpn,False,hallazgo,2897627,Sin valor predictivo observado recuperado para esta población
PMID:20920693:1030,1030,Ascenso carotídeo retardado (pulso parvus et tardus),Estenosis aórtica leve o mayor (velocidad pico ≥2.5 m/s),sn;sp;ln;vpp;vpn,False,hallazgo,20920693,Sin valor predictivo observado recuperado para esta población; Cifra no recuperada para la misma definición; revisar fuente y umbral
PMID:20920693:1031,1031,Soplo de timbre zumbante o musical,Estenosis aórtica leve o mayor (velocidad pico ≥2.5 m/s),sn;sp;ln;vpp;vpn,False,hallazgo,20920693,Sin valor predictivo observado recuperado para esta población; Cifra no recuperada para la misma definición; revisar fuente y umbral
PMID:8409071:1032,1032,Prueba abdominoyugular positiva (reflujo abdominoyugular),Insuficiencia cardiaca congestiva: presiones de llenado izquierdas elevadas,vpp;vpn,False,hallazgo,8409071,Sin valor predictivo observado recuperado para esta población
PMID:2313224:1034,1034,Sexo masculino,Infarto agudo de miocardio,vpp;vpn,False,hallazgo,2313224,Sin valor predictivo observado recuperado para esta población
PMID:2313224:1035,1035,Edad de 60 años o más,Infarto agudo de miocardio,vpp;vpn,False,hallazgo,2313224,Sin valor predictivo observado recuperado para esta población
PMID:3049966:1036,1036,Flancos abombados,Ascitis,sn;sp;lp;vpp;vpn,False,hallazgo,3049966,Sin valor predictivo observado recuperado para esta población; Cifra no recuperada para la misma definición; revisar fuente y umbral
PMID:3049966:1037,1037,Edema,Ascitis,sn;sp;lp;vpp;vpn,False,hallazgo,3049966,Sin valor predictivo observado recuperado para esta población; Cifra no recuperada para la misma definición; revisar fuente y umbral
PMID:3049966:1038,1038,Matidez cambiante (matidez desplazable),Ascitis,sn;sp;ln;vpp;vpn,False,hallazgo,3049966,Sin valor predictivo observado recuperado para esta población; Cifra no recuperada para la misma definición; revisar fuente y umbral
PMID:3049966:1039,1039,Onda ascítica (signo de la oleada),Ascitis,sn;sp;ln;vpp;vpn,False,hallazgo,3049966,Sin valor predictivo observado recuperado para esta población; Cifra no recuperada para la misma definición; revisar fuente y umbral
PMID:8780468:1040,1040,Signo de Murphy (interrupción de la inspiración por dolor),Colecistitis aguda en el paciente con dolor a la palpación del hipocondrio derecho,sp;lp;ln;vpn,False,hallazgo,8780468,Sin valor predictivo observado recuperado para esta población; Cifra no recuperada para la misma definición; revisar fuente y umbral
PMID:8994152:1041,1041,Heridas o úlceras en el pie,Enfermedad arterial periférica,sn;lp;ln;vpp;vpn,False,hallazgo,8994152,Sin valor predictivo observado recuperado para esta población; Cifra no recuperada para la misma definición; revisar fuente y umbral
PMID:9250264:1042,1042,Tiempo de llenado venoso >20 segundos,Enfermedad arterial periférica,vpp;vpn,False,hallazgo,9250264,Sin valor predictivo observado recuperado para esta población
PMID:15069148:1043,1043,Dolor a la palpación de la articulación acromioclavicular,Dolor de hombro: hallazgos individuales,sp;lp;ln;vpp;vpn,False,hallazgo,15069148,Sin valor predictivo observado recuperado para esta población; Cifra no recuperada para la misma definición; revisar fuente y umbral
PMID:15069148:1044,1044,Dolor con la compresión acromioclavicular de Paxinos,Dolor de origen acromioclavicular,vpp;vpn,False,hallazgo,15069148,Sin valor predictivo observado recuperado para esta población
PMID:11641706:1052,1052,Desgarro palpable del manguito rotador,Dolor de hombro: hallazgos individuales,vpp;vpn,False,hallazgo,11641706,Sin valor predictivo observado recuperado para esta población
PMID:3340785:1054,1054,Signo del cajón anterior (lesión del ligamento cruzado anterior),Lesiones ligamentarias y meniscales de la rodilla,vpp;vpn,False,hallazgo,3340785,Sin valor predictivo observado recuperado para esta población
PMID:3340785:1055,1055,Signo de Lachman (lesión del ligamento cruzado anterior),Lesiones ligamentarias y meniscales de la rodilla,vpp;vpn,False,hallazgo,3340785,Sin valor predictivo observado recuperado para esta población
PMID:7778700:1056,1056,Dolor a la palpación de la interlínea articular (lesión meniscal),Lesiones ligamentarias y meniscales de la rodilla,vpp;vpn,False,hallazgo,7778700,Sin valor predictivo observado recuperado para esta población
PMID:9548106:1057,1057,Regla de Ottawa para tobillo,Fractura de tobillo y de mediopié,vpp;vpn,False,hallazgo,9548106,Sin valor predictivo observado recuperado para esta población
PMID:1449405:1058,1058,Prueba de deglución de agua,Broncoaspiración tras evento vascular cerebral,vpp;vpn,False,hallazgo,1449405,Sin valor predictivo observado recuperado para esta población
PMID:12463489:1059,1059,Pronación y descenso del brazo extendido (maniobra de Barré),Enfermedad hemisférica cerebral unilateral,vpp;vpn,False,hallazgo,12463489,Sin valor predictivo observado recuperado para esta población
PMID:12463489:1060,1060,Prueba de golpeteo rápido de los dedos,Enfermedad hemisférica cerebral unilateral,vpp;vpn,False,hallazgo,12463489,Sin valor predictivo observado recuperado para esta población
PMID:12463489:1061,1061,Hiperreflexia osteotendinosa,Enfermedad hemisférica cerebral unilateral,vpp;vpn,False,hallazgo,12463489,Sin valor predictivo observado recuperado para esta población
PMID:15799149:1062,1062,Prueba de Spurling (compresión foraminal cervical),Radiculopatía cervical en pacientes con dolor de cuello y brazo,vpp;vpn,False,hallazgo,15799149,Sin valor predictivo observado recuperado para esta población
PMID:9431262:1063,1063,Signo de Tinel,Síndrome del túnel del carpo,sp;lp;ln;vpp;vpn,False,hallazgo,9431262,Sin valor predictivo observado recuperado para esta población; Cifra no recuperada para la misma definición; revisar fuente y umbral
PMID:19328695:1064,1064,Signo de Phalen,Síndrome del túnel del carpo,vpp;vpn,False,hallazgo,19328695,Sin valor predictivo observado recuperado para esta población
PMID:9431262:1065,1065,Índice de muñeca cuadrada,Síndrome del túnel del carpo,sp;lp;ln;vpp;vpn,False,hallazgo,9431262,Sin valor predictivo observado recuperado para esta población; Cifra no recuperada para la misma definición; revisar fuente y umbral
PMID:15100625:1066,1066,Signo de la sacudida de la mano (flick sign),Síndrome del túnel del carpo,vpp;vpn,False,hallazgo,15100625,Sin valor predictivo observado recuperado para esta población
PMID:18344397:1067,1067,Desviación ocular oblicua (skew deviation),Evento vascular cerebral isquémico en vértigo agudo,vpp;vpn,False,hallazgo,18344397,Sin valor predictivo observado recuperado para esta población
PMID:19762709:1068,1068,"HINTS: al menos 1 de 3 (impulso cefálico normal, nistagmo que cambia de dirección o desviación ocular oblicua)",Evento vascular cerebral isquémico en vértigo agudo,vpp;vpn,False,hallazgo,19762709,Sin valor predictivo observado recuperado para esta población
PMID:14511167:1069,1069,Mini-Cog ≤2 puntos,Demencia y delirium,vpp;vpn,False,hallazgo,14511167,Sin valor predictivo observado recuperado para esta población
PMID:9529722:1070,1070,Palidez del lecho ungueal,Anemia,sp;lp;ln;vpp;vpn,False,hallazgo,9529722,Sin valor predictivo observado recuperado para esta población; Cifra no recuperada para la misma definición; revisar fuente y umbral
PMID:27070544:1071,1071,Palidez conjuntival,Anemia,vpp;vpn,False,hallazgo,27070544,Sin valor predictivo observado recuperado para esta población
PMID:20049324:1072,1072,Palidez lingual intensa (categoría ordinal),Anemia grave (hemoglobina <7 g/dL),sn;sp;ln;vpp;vpn,False,ordinal,20049324,Categoría ordinal: no inferir LR−/VPN de un umbral binario; Sin valor predictivo observado recuperado para esta población; Cifra no recuperada para la misma definición; revisar fuente y umbral
PMID:7819896:1073,1073,Adenopatía epitroclear,Enfermedad grave (maligna o granulomatosa) en el paciente con linfadenopatía periférica,vpp;vpn,False,hallazgo,7819896,Sin valor predictivo observado recuperado para esta población
PMID:10770147:1074,1074,Altura laríngea máxima de 4 cm o menos,Enfermedad pulmonar obstructiva crónica (EPOC),sn;sp;vpp;vpn,False,hallazgo,10770147,Sin valor predictivo observado recuperado para esta población; Cifra no recuperada para la misma definición; revisar fuente y umbral
PMID:19155458:1075,1075,Matidez a la percusión convencional,Derrame pleural,sn;sp;ln;vpp;vpn,False,hallazgo,19155458,Sin valor predictivo observado recuperado para esta población; Cifra no recuperada para la misma definición; revisar fuente y umbral
PMID:8441078:1077,1077,Signo de percusión esplénica (percusión del espacio intercostal más bajo de la línea axilar anterior izquierda),Esplenomegalia (longitud ecográfica ≥13 cm),ln;vpp;vpn,False,hallazgo,8441078,Sin valor predictivo observado recuperado para esta población; Cifra no recuperada para la misma definición; revisar fuente y umbral
PMID:42335308:1078,1078,Método de Nixon (percusión esplénica en decúbito lateral derecho),Hepatomegalia y esplenomegalia,sn;lp;ln;vpp;vpn,False,hallazgo,42335308,Sin valor predictivo observado recuperado para esta población; Cifra no recuperada para la misma definición; revisar fuente y umbral
PMID:1951414:1079,1079,Matidez del espacio de Traube,Hepatomegalia y esplenomegalia,vpp;vpn,False,hallazgo,1951414,Sin valor predictivo observado recuperado para esta población
PMID:10218296:1080,1080,Matidez en flancos,Ascitis,sp;lp;ln;vpp;vpn,False,hallazgo,10218296,Sin valor predictivo observado recuperado para esta población; Cifra no recuperada para la misma definición; revisar fuente y umbral
PMID:8659965:1081,1081,Dolor a la percusión abdominal,Peritonitis en el paciente con dolor abdominal agudo,vpp;vpn,False,hallazgo,8659965,Sin valor predictivo observado recuperado para esta población
PMID:10189538:1082,1082,Insensibilidad al monofilamento de 10 g en la cabeza del primer o quinto metatarsiano,Pie insensible en personas con diabetes,vpp;vpn,False,hallazgo,10189538,Sin valor predictivo observado recuperado para esta población
PMID:22773322:1083,1083,Signo de pinzamiento de Hawkins o de Neer (cualquiera positivo),Dolor de hombro: hallazgos individuales,vpp;vpn,False,hallazgo,22773322,Sin valor predictivo observado recuperado para esta población
PMID:11726486:1084,1084,Regla de Ottawa para pie,Fractura de tobillo y de mediopié,vpp;vpn,False,hallazgo,11726486,Sin valor predictivo observado recuperado para esta población
PMID:25243736:1085,1085,Prueba de compresión de la pantorrilla (prueba de Thompson),Rotura del tendón de Aquiles,vpp;vpn,False,hallazgo,25243736,Sin valor predictivo observado recuperado para esta población
PMID:21156442:1086,1086,Prueba de rodamiento de los dedos índices,Enfermedad hemisférica cerebral unilateral,sp;lp;ln;vpp;vpn,False,hallazgo,21156442,Sin valor predictivo observado recuperado para esta población; Cifra no recuperada para la misma definición; revisar fuente y umbral
PMID:15523162:1087,1087,Escala de Siriraj mayor de 1 (sugiere hemorragia),Evento vascular cerebral hemorrágico,vpp;vpn,False,hallazgo,15523162,Sin valor predictivo observado recuperado para esta población
PMID:20920693:1088,1088,Soplo sistólico con patrón esternal inferior izquierdo,Insuficiencia tricuspídea moderada o grave,sn;sp;ln;vpp;vpn,False,hallazgo,20920693,Sin valor predictivo observado recuperado para esta población; Cifra no recuperada para la misma definición; revisar fuente y umbral
PMID:20920693:1091,1091,Soplo protosistólico,Estenosis aórtica leve o mayor (velocidad pico ≥2.5 m/s),sn;sp;ln;vpp;vpn,False,hallazgo,20920693,Sin valor predictivo observado recuperado para esta población; Cifra no recuperada para la misma definición; revisar fuente y umbral
PMID:20920693:1092,1092,Soplo de timbre soplante,Estenosis aórtica leve o mayor (velocidad pico ≥2.5 m/s),sn;sp;ln;vpp;vpn,False,hallazgo,20920693,Sin valor predictivo observado recuperado para esta población; Cifra no recuperada para la misma definición; revisar fuente y umbral
PMID:20920693:1093,1093,Onda CV en el pulso venoso yugular (movimiento sistólico temprano hacia afuera),Insuficiencia tricuspídea moderada o grave,vpp;vpn,False,hallazgo,20920693,Sin valor predictivo observado recuperado para esta población
PMID:20920693:1094,1094,Pulsaciones precordiales en el borde esternal inferior,Insuficiencia tricuspídea moderada o grave,vpp;vpn,False,hallazgo,20920693,Sin valor predictivo observado recuperado para esta población
PMID:20920693:1095,1095,Balanceo ventricular derecho (RV rock),Insuficiencia tricuspídea moderada o grave,vpp;vpn,False,hallazgo,20920693,Sin valor predictivo observado recuperado para esta población
PMID:20920693:1096,1096,Hígado pulsátil,Insuficiencia tricuspídea moderada o grave,sn;sp;ln;vpp;vpn,False,hallazgo,20920693,Sin valor predictivo observado recuperado para esta población; Cifra no recuperada para la misma definición; revisar fuente y umbral
PMID:6699126:1097,1097,Egofonía,Neumonía,vpp;vpn,False,hallazgo,6699126,Sin valor predictivo observado recuperado para esta población
PMID:15618841:1098,1098,Arañas vasculares (telangiectasias aracniformes),Cirrosis en el paciente con hepatopatía crónica,vpp;vpn,False,hallazgo,15618841,Sin valor predictivo observado recuperado para esta población
PMID:15618841:1099,1099,Ictericia,Cirrosis en el paciente con hepatopatía crónica,vpp;vpn,False,hallazgo,15618841,Sin valor predictivo observado recuperado para esta población
PMID:15618841:1100,1100,Hepatomegalia,Cirrosis en el paciente con hepatopatía crónica,vpp;vpn,False,hallazgo,15618841,Sin valor predictivo observado recuperado para esta población
PMID:15618841:1101,1101,Esplenomegalia,Cirrosis en el paciente con hepatopatía crónica,vpp;vpn,False,hallazgo,15618841,Sin valor predictivo observado recuperado para esta población
PMID:15618841:1102,1102,Ascitis,Cirrosis en el paciente con hepatopatía crónica,vpp;vpn,False,hallazgo,15618841,Sin valor predictivo observado recuperado para esta población
PMID:6412660:1103,1103,Adenopatía supraclavicular,Enfermedad grave (maligna o granulomatosa) en el paciente con linfadenopatía periférica,sn;sp;lp;ln;vpp;vpn,False,hallazgo,6412660,"Sin valor predictivo observado recuperado para esta población; Cifra no recuperada para la misma definición; revisar fuente y umbral; La fuente disponible describe rendimiento de biopsia, no exactitud del signo"
PMID:7249303:1104,1104,Dolor torácico no anginoso,Enfermedad arterial coronaria,sn;sp;lp;ln;vpn,False,hallazgo,7249303,Sin valor predictivo observado recuperado para esta población; Cifra no recuperada para la misma definición; revisar fuente y umbral
PMID:8511921:1108,1108,Signo del psoas,Apendicitis aguda en el paciente con dolor abdominal agudo,vpp;vpn,False,hallazgo,8511921,Sin valor predictivo observado recuperado para esta población
PMID:6412660:1110,1110,Adenopatía axilar,Enfermedad grave (maligna o granulomatosa) en el paciente con linfadenopatía periférica,sn;sp;lp;ln;vpp;vpn,False,hallazgo,6412660,"Sin valor predictivo observado recuperado para esta población; Cifra no recuperada para la misma definición; revisar fuente y umbral; La fuente disponible describe rendimiento de biopsia, no exactitud del signo"
PMID:6412660:1111,1111,Adenopatía inguinal,Enfermedad grave (maligna o granulomatosa) en el paciente con linfadenopatía periférica,sn;sp;lp;ln;vpp;vpn,False,hallazgo,6412660,"Sin valor predictivo observado recuperado para esta población; Cifra no recuperada para la misma definición; revisar fuente y umbral; La fuente disponible describe rendimiento de biopsia, no exactitud del signo"
PMID:18403664:1112,1112,Líneas B en USG pulmonar,Edema pulmonar cardiogénico / IC,vpp;vpn,False,hallazgo,18403664,Sin valor predictivo observado recuperado para esta población
PMID:39239917:1113,1113,Consolidación en USG pulmonar,Neumonía,vpp;vpn,False,hallazgo,39239917,Sin valor predictivo observado recuperado para esta población
PMID:21868468:1114,1114,Ausencia de deslizamiento pleural en USG,Neumotórax,vpp;vpn,False,hallazgo,21868468,Sin valor predictivo observado recuperado para esta población
PMID:29343170:1115,1115,Colapsabilidad de VCI en USG,Estado de volemia / hipovolemia,vpp;vpn,False,hallazgo,29343170,Sin valor predictivo observado recuperado para esta población
PMID:37838525:1116,1116,"Hallazgos vesiculares en USG (lodo, pared, Murphy US)",Colecistitis aguda / colelitiasis,vpp;vpn,False,hallazgo,37838525,Sin valor predictivo observado recuperado para esta población
PMID:38694948:1117,1117,Hidronefrosis en USG,Uropatía obstructiva / cólico renal,vpp;vpn,False,hallazgo,38694948,Sin valor predictivo observado recuperado para esta población
PMID:32227213:1118,1118,No compresibilidad venosa en USG,Trombosis venosa profunda,vpp;vpn,False,hallazgo,32227213,Sin valor predictivo observado recuperado para esta población
PMID:33893746:1119,1119,Diámetro de vaina del nervio óptico en USG,Hipertensión intracraneal,vpp;vpn,False,hallazgo,33893746,Sin valor predictivo observado recuperado para esta población
PMID:32190853:1120,1120,Desgarro en USG de hombro,Desgarro del manguito rotador,vpp;vpn,False,hallazgo,32190853,Sin valor predictivo observado recuperado para esta población
PMID:37433884:1121,1121,Discontinuidad cortical en USG,Fracturas de huesos largos,vpp;vpn,False,hallazgo,37433884,Sin valor predictivo observado recuperado para esta población
PMID:36130469:1122,1122,Hallazgos en USG apendicular,Apendicitis aguda,vpp;vpn,False,hallazgo,36130469,Sin valor predictivo observado recuperado para esta población
PMID:38261109:1123,1123,Derrame pleural en USG,Derrame pleural,vpp;vpn,False,hallazgo,38261109,Sin valor predictivo observado recuperado para esta población
PMID:41796463:1124,1124,FEVI reducida (<50%) en POCUS asistida por inteligencia artificial,Disfunción sistólica del VI,lp;ln;vpp;vpn,False,hallazgo,41796463,Sin valor predictivo observado recuperado para esta población; Cifra no recuperada para la misma definición; revisar fuente y umbral
PMID:36997363:1125,1125,Líquido libre en FAST,Hemoperitoneo en trauma,vpp;vpn,False,hallazgo,36997363,Sin valor predictivo observado recuperado para esta población
PMID:39344280:1126,1126,Diámetro aórtico en USG,Aneurisma de aorta abdominal,vpp;vpn,False,hallazgo,39344280,Sin valor predictivo observado recuperado para esta población
PMID:28073795:1127,1127,Colección en USG de partes blandas,Absceso vs celulitis,vpp;vpn,False,hallazgo,28073795,Sin valor predictivo observado recuperado para esta población
PMID:7884108:1129,1129,Temperatura ≥38.5 °C,Bacteriemia adquirida en la comunidad,vpp;vpn,False,hallazgo,7884108,Sin valor predictivo observado recuperado para esta población
PMID:11834654:1133,1133,Uso de músculos accesorios (escalenos y esternocleidomastoideo) en esclerosis lateral amiotrófica,Enfermedad pulmonar obstructiva crónica,vpp;vpn,False,hallazgo,11834654,Sin valor predictivo observado recuperado para esta población
PMID:18931619:1134,1134,Escala de Wells para tromboembolia pulmonar: 0 a 1 puntos (probabilidad baja),Tromboembolia pulmonar,sn;sp;lp;ln;vpn,False,ordinal,18931619,Categoría ordinal: no inferir LR−/VPN de un umbral binario; Sin valor predictivo observado recuperado para esta población; Cifra no recuperada para la misma definición; revisar fuente y umbral
PMID:18931619:1135,1135,Escala de Wells para tromboembolia pulmonar: 2 a 6 puntos (probabilidad moderada),Tromboembolia pulmonar,sn;sp;lp;ln;vpn,False,ordinal,18931619,Categoría ordinal: no inferir LR−/VPN de un umbral binario; Sin valor predictivo observado recuperado para esta población; Cifra no recuperada para la misma definición; revisar fuente y umbral
PMID:16461960:1136,1136,Escala de Ginebra revisada: 4 a 10 puntos (probabilidad moderada),Tromboembolia pulmonar,sn;sp;lp;ln;vpn,False,ordinal,16461960,Categoría ordinal: no inferir LR−/VPN de un umbral binario; Sin valor predictivo observado recuperado para esta población; Cifra no recuperada para la misma definición; revisar fuente y umbral
PMID:16461960:1137,1137,Escala de Ginebra revisada: 11 puntos o más (probabilidad alta),Tromboembolia pulmonar,sn;sp;lp;ln;vpn,False,ordinal,16461960,Categoría ordinal: no inferir LR−/VPN de un umbral binario; Sin valor predictivo observado recuperado para esta población; Cifra no recuperada para la misma definición; revisar fuente y umbral
PMID:2774371:1138,1138,Soplo sistólico característico de insuficiencia tricuspídea (para detectar insuficiencia tricuspídea leve o mayor),Soplos y valvulopatías,sp;lp;ln;vpp;vpn,False,hallazgo,2774371,Sin valor predictivo observado recuperado para esta población; Cifra no recuperada para la misma definición; revisar fuente y umbral
PMID:2897627:1139,1139,"Soplo sistólico que aumenta con la inspiración (signo de Rivero-Carvallo): detección de soplos derechos, insuficiencia tricuspídea o estenosis pulmonar",Soplos sistólicos y maniobras,sp;lp;ln;vpp;vpn,False,hallazgo,2897627,Sin valor predictivo observado recuperado para esta población; Cifra no recuperada para la misma definición; revisar fuente y umbral
PMID:2774371:1140,1140,Soplo protodiastólico de insuficiencia aórtica (detección de insuficiencia leve o mayor),Insuficiencia aórtica,sp;lp;ln;vpp;vpn,False,hallazgo,2774371,Sin valor predictivo observado recuperado para esta población; Cifra no recuperada para la misma definición; revisar fuente y umbral
PMID:12544957:1141,1141,Reflejo bicipital disminuido,Radiculopatía cervical en pacientes con dolor de cuello y brazo,vpn,False,hallazgo,12544957,Sin valor predictivo observado recuperado para esta población
PMID:9607648:1142,1142,Atrofia de la eminencia tenar,Síndrome del túnel del carpo,vpp;vpn,False,hallazgo,9607648,Sin valor predictivo observado recuperado para esta población
PMID:9267967:1143,1143,Signos cerebelosos (atrofia multisistémica),Sospecha de enfermedad de Parkinson,vpp;vpn,False,hallazgo,9267967,Sin valor predictivo observado recuperado para esta población
PMID:9267967:1144,1144,Signos piramidales (atrofia multisistémica),Sospecha de enfermedad de Parkinson,vpp;vpn,False,hallazgo,9267967,Sin valor predictivo observado recuperado para esta población
PMID:38037062:1145,1145,Murphy ultrasonográfico,Colecistitis aguda,vpp;vpn,False,hallazgo,38037062,Sin valor predictivo observado recuperado para esta población
PMID:35523539:1146,1146,Flujo ausente en USG Doppler testicular,Torsión testicular,vpp;vpn,False,hallazgo,35523539,Sin valor predictivo observado recuperado para esta población
PMID:30636351:1147,1147,Desprendimiento de retina en USG ocular,Desprendimiento de retina,vpp;vpn,False,hallazgo,30636351,Sin valor predictivo observado recuperado para esta población
PMID:35749802:1148,1148,Imagen en diana/pseudorriñón en USG,Intususcepción,vpp;vpn,False,hallazgo,35749802,Sin valor predictivo observado recuperado para esta población
PMID:42339785:1149,1149,Discontinuidad cortical de cráneo en USG,Fractura de cráneo pediátrica,vpp;vpn,False,hallazgo,42339785,Sin valor predictivo observado recuperado para esta población
PMID:40481828:1150,1150,Derrame articular en USG de cadera,Artritis séptica / derrame de cadera,vpp;vpn,False,hallazgo,40481828,Sin valor predictivo observado recuperado para esta población
PMID:35094451:1151,1151,Dislocación glenohumeral en USG,Luxación de hombro,vpp;vpn,False,hallazgo,35094451,Sin valor predictivo observado recuperado para esta población
PMID:37315988:1152,1152,Relación del diámetro VCI/aorta en POCUS (referencia: cambio de peso),Deshidratación pediátrica,vpp;vpn,False,hallazgo,37315988,Sin valor predictivo observado recuperado para esta población
PMID:2393205:1153,1153,Hipotensión arterial,Bacteriemia en el paciente febril,vpp;vpn,False,hallazgo,2393205,Sin valor predictivo observado recuperado para esta población
PMID:2393205:1154,1154,Abdomen agudo,Bacteriemia en el paciente febril,vpp;vpn,False,hallazgo,2393205,Sin valor predictivo observado recuperado para esta población
PMID:6216867:1155,1155,Retraso ápex-carotídeo,Características de la estenosis aórtica grave (todos los pacientes tienen soplo aórtico),sp;lp;ln;vpp;vpn,False,hallazgo,6216867,Sin valor predictivo observado recuperado para esta población; Cifra no recuperada para la misma definición; revisar fuente y umbral
PMID:11911916:1156,1156,Electrocardiograma normal,Infarto agudo de miocardio,vpp;vpn,False,hallazgo,11911916,Sin valor predictivo observado recuperado para esta población
PMID:11911916:1157,1157,Inversión de la onda T,Infarto agudo de miocardio,vpp;vpn,False,hallazgo,11911916,Sin valor predictivo observado recuperado para esta población
PMID:2327426:1158,1158,Cordón venoso palpable,Trombosis venosa profunda de miembro inferior,vpp;vpn,False,hallazgo,2327426,Sin valor predictivo observado recuperado para esta población
PMID:2327426:1159,1159,Signo de Homans,Trombosis venosa profunda de miembro inferior,vpp;vpn,False,hallazgo,2327426,Sin valor predictivo observado recuperado para esta población
PMID:11684217:1161,1161,Campimetría por confrontación con conteo de dedos,Defectos del campo visual,vpp;vpn,False,hallazgo,11684217,Sin valor predictivo observado recuperado para esta población
PMID:11684217:1162,1162,Descripción del rostro del examinador,Defectos del campo visual,vpp;vpn,False,hallazgo,11684217,Sin valor predictivo observado recuperado para esta población
PMID:11684217:1163,1163,Comparación de la saturación del rojo entre hemicampos,Defectos del campo visual,vpp;vpn,False,hallazgo,11684217,Sin valor predictivo observado recuperado para esta población
PMID:16181166:1164,1164,"Cualquier trastorno de la marcha o del equilibrio (moderado o peor), para demencia tipo Alzheimer",Alteraciones de la marcha en pacientes con parkinsonismo o demencia,vpp;vpn,False,hallazgo,16181166,Sin valor predictivo observado recuperado para esta población
PMID:17392034:1165,1165,Acropaquia (dedos en palillo de tambor),Síndrome hepatopulmonar en el paciente con hepatopatía crónica,vpp;vpn,False,hallazgo,17392034,Sin valor predictivo observado recuperado para esta población
PMID:17392034:1166,1166,Cianosis,Síndrome hepatopulmonar en el paciente con hepatopatía crónica,vpp;vpn,False,hallazgo,17392034,Sin valor predictivo observado recuperado para esta población
PMID:17392034:1167,1167,Arañas vasculares (telangiectasias aracniformes),Síndrome hepatopulmonar en el paciente con hepatopatía crónica,vpp;vpn,False,hallazgo,17392034,Sin valor predictivo observado recuperado para esta población
PMID:11434610:1168,1168,Ascitis,Síndrome hepatopulmonar en el paciente con hepatopatía crónica,vpp;vpn,False,hallazgo,11434610,Sin valor predictivo observado recuperado para esta población
PMID:16913989:1169,1169,Axila seca,Hipovolemia,vpp;vpn,False,hallazgo,16913989,Sin valor predictivo observado recuperado para esta población
PMID:6232839:1171,1171,"Componente aórtico del segundo ruido (A2) disminuido, sin enfermedad coronaria",Estenosis aórtica grave,sp;lp;ln;vpp;vpn,False,hallazgo,6232839,Sin valor predictivo observado recuperado para esta población; Cifra no recuperada para la misma definición; revisar fuente y umbral
PMID:835934:1172,1172,Frecuencia cardiaca >100 lpm en reposo,Insuficiencia cardiaca congestiva: presiones de llenado izquierdas elevadas,vpp;vpn,False,hallazgo,835934,Sin valor predictivo observado recuperado para esta población
PMID:8209190:1174,1174,"Vesícula biliar palpable en el paciente con ictericia obstructiva, para detectar obstrucción maligna","Palpación de vesícula biliar, vejiga y aorta",vpp;vpn,False,hallazgo,8209190,Sin valor predictivo observado recuperado para esta población
PMID:3963537:1175,1175,Fiebre,Peritonitis en el paciente con dolor abdominal agudo,vpp;vpn,False,hallazgo,3963537,Sin valor predictivo observado recuperado para esta población
PMID:11103723:1176,1176,Prueba de la tos positiva,Peritonitis en el paciente con dolor abdominal agudo,vpp;vpn,False,hallazgo,11103723,Sin valor predictivo observado recuperado para esta población
PMID:3531786:1177,1177,Fiebre,Colecistitis aguda en el paciente con dolor a la palpación del hipocondrio derecho,vpp;vpn,False,hallazgo,3531786,Sin valor predictivo observado recuperado para esta población
PMID:3531786:1178,1178,Dolor a la palpación del hipocondrio derecho,Colecistitis aguda en el paciente con dolor a la palpación del hipocondrio derecho,vpp;vpn,False,hallazgo,3531786,Sin valor predictivo observado recuperado para esta población
PMID:3531786:1179,1179,Masa palpable en el hipocondrio derecho,Colecistitis aguda en el paciente con dolor a la palpación del hipocondrio derecho,vpp;vpn,False,hallazgo,3531786,Sin valor predictivo observado recuperado para esta población
PMID:2368790:1180,1180,"Dolor a la palpación del hipocondrio derecho, para detectar colelitiasis",Dolor abdominal alto crónico,vpp;vpn,False,hallazgo,2368790,Sin valor predictivo observado recuperado para esta población
PMID:2368790:1181,1181,"Dolor a la palpación del abdomen inferior, para detectar colelitiasis",Dolor abdominal alto crónico,vpp;vpn,False,hallazgo,2368790,Sin valor predictivo observado recuperado para esta población
PMID:20799429:1182,1182,Prueba de golpeteo rápido del pie,Enfermedad hemisférica cerebral unilateral,vpp;vpn,False,hallazgo,20799429,Sin valor predictivo observado recuperado para esta población
PMID:15940389:1185,1185,Signos de vía piramidal (parkinsonismo vascular),Sospecha de enfermedad de Parkinson,vpp;vpn,False,hallazgo,15940389,Sin valor predictivo observado recuperado para esta población
PMID:18344397:1186,1186,Seguimiento ocular sacádico,Evento vascular cerebral isquémico en vértigo agudo,vpp;vpn,False,hallazgo,18344397,Sin valor predictivo observado recuperado para esta población
PMID:18344397:1187,1187,Nistagmo que cambia de dirección con la mirada,Evento vascular cerebral isquémico en vértigo agudo,vpp;vpn,False,hallazgo,18344397,Sin valor predictivo observado recuperado para esta población
PMID:15985587:1188,1188,Signo del aplauso positivo,Sospecha de enfermedad de Parkinson,vpp;vpn,False,hallazgo,15985587,Sin valor predictivo observado recuperado para esta población
PMID:10939582:1189,1189,Se detiene al caminar cuando se le habla (prueba de doble tarea),Predicción de caídas,vpp;vpn,False,hallazgo,10939582,Sin valor predictivo observado recuperado para esta población
PMID:18356262:1191,1191,Agudeza visual de 20/40 o peor,Retinopatía diabética,vpp;vpn,False,hallazgo,18356262,Sin valor predictivo observado recuperado para esta población
PMID:6227265:1192,1192,Impulso apical por fuera de la línea medioclavicular con el paciente a 45 grados (para detectar volumen telediastólico del ventrículo izquierdo aumentado),Tamaño y posición del impulso apical palpable,vpp;vpn,False,hallazgo,6227265,Sin valor predictivo observado recuperado para esta población
PMID:3566496:1193,1193,Signo del resalte o pivot shift (lesión del ligamento cruzado anterior),Lesiones ligamentarias y meniscales de la rodilla,sp;lp;ln;vpp;vpn,False,hallazgo,3566496,Sin valor predictivo observado recuperado para esta población; Cifra no recuperada para la misma definición; revisar fuente y umbral
PMID:1953404:1194,1194,Disartria,Broncoaspiración tras evento vascular cerebral,vpp;vpn,False,hallazgo,1953404,Sin valor predictivo observado recuperado para esta población
PMID:1953404:1195,1195,Reflejo nauseoso anormal,Broncoaspiración tras evento vascular cerebral,vpp;vpn,False,hallazgo,1953404,Sin valor predictivo observado recuperado para esta población
PMID:37987526:1196,1196,"Confusión Assessment Method (CAM) positivo, para delirium",Demencia y delirium,vpp;vpn,False,hallazgo,37987526,Sin valor predictivo observado recuperado para esta población
PMID:32329557:1197,1197,Matidez a la percusión,Neumonía,sn;sp;ln;vpp;vpn,False,hallazgo,32329557,Sin valor predictivo observado recuperado para esta población; Cifra no recuperada para la misma definición; revisar fuente y umbral
PMID:19547847:1198,1198,Tórax en tonel,Enfermedad pulmonar obstructiva crónica (EPOC),sn;sp;ln;vpp;vpn,False,hallazgo,19547847,Sin valor predictivo observado recuperado para esta población; Cifra no recuperada para la misma definición; revisar fuente y umbral
PMID:14754562:1199,1199,Dolor pleurítico,Infarto agudo de miocardio,sn;sp;ln;vpp;vpn,False,hallazgo,14754562,Sin valor predictivo observado recuperado para esta población; Cifra no recuperada para la misma definición; revisar fuente y umbral
PMID:15336583:1200,1200,Dolor a la palpación de la pared torácica,Infarto agudo de miocardio,sn;sp;ln;vpp;vpn,False,hallazgo,15336583,Sin valor predictivo observado recuperado para esta población; Cifra no recuperada para la misma definición; revisar fuente y umbral
PMID:9279695:1201,1201,Incapacidad para apoyar el peso inmediatamente después de la lesión,Fractura de tobillo y de mediopié,vpp;vpn,False,hallazgo,9279695,Sin valor predictivo observado recuperado para esta población
PMID:22362921:1202,1202,"Temblor, bradicinesia y rigidez (3 de 3) con asimetría y sin datos atípicos",Sospecha de enfermedad de Parkinson,vpp;vpn,False,hallazgo,22362921,Sin valor predictivo observado recuperado para esta población
PMID:10727478:1203,1203,Alteración del habla o signos bulbares (atrofia multisistémica),Sospecha de enfermedad de Parkinson,vpp;vpn,False,hallazgo,10727478,Sin valor predictivo observado recuperado para esta población
PMID:12068343:1204,1204,Afasia,Evento vascular cerebral hemorrágico,vpp;vpn,False,hallazgo,12068343,Sin valor predictivo observado recuperado para esta población
PMID:12068343:1205,1205,Ataxia,Evento vascular cerebral hemorrágico,vpp;vpn,False,hallazgo,12068343,Sin valor predictivo observado recuperado para esta población
PMID:12068343:1206,1206,Soplo carotídeo,Evento vascular cerebral hemorrágico,vpp;vpn,False,hallazgo,12068343,Sin valor predictivo observado recuperado para esta población
PMID:14727205:1207,1207,Hospitalización por trauma,Bacteriemia en el paciente febril,vpp;vpn,False,hallazgo,14727205,Sin valor predictivo observado recuperado para esta población
PMID:9431370:1208,1208,Área de la úlcera >2 cm² como predictor de osteomielitis,Pie diabético,vpp;vpn,False,hallazgo,9431370,Sin valor predictivo observado recuperado para esta población
PMID:7604415:1209,1209,Desviación conjugada de la mirada,Evento vascular cerebral hemorrágico,vpp;vpn,False,hallazgo,7604415,Sin valor predictivo observado recuperado para esta población
PMID:7604415:1210,1210,Hemiparesia,Evento vascular cerebral hemorrágico,vpp;vpn,False,hallazgo,7604415,Sin valor predictivo observado recuperado para esta población
PMID:7604415:1211,1211,Alteración hemisensitiva,Evento vascular cerebral hemorrágico,vpp;vpn,False,hallazgo,7604415,Sin valor predictivo observado recuperado para esta población
PMID:7604415:1212,1212,Fibrilación auricular en el electrocardiograma,Evento vascular cerebral hemorrágico,vpp;vpn,False,hallazgo,7604415,Sin valor predictivo observado recuperado para esta población
C00437:1,1213,Patrón de irradiación amplio apical del soplo sistólico,Insuficiencia mitral moderada o grave,sn;sp;vpp;vpn,False,hallazgo,20920693,Sin valor predictivo observado recuperado para esta población; Cifra no recuperada para la misma definición; revisar fuente y umbral
C00437:2,1214,Patrón de irradiación amplio apical del soplo sistólico,Insuficiencia tricuspídea moderada o grave,sn;sp;vpp;vpn,False,hallazgo,20920693,Sin valor predictivo observado recuperado para esta población; Cifra no recuperada para la misma definición; revisar fuente y umbral
C00438:1,1215,Patrón de soplo sistólico limitado al borde esternal inferior izquierdo,Insuficiencia mitral moderada o grave,sn;sp;vpp;vpn,False,hallazgo,20920693,Sin valor predictivo observado recuperado para esta población; Cifra no recuperada para la misma definición; revisar fuente y umbral
C00438:2,1216,Patrón de soplo sistólico limitado al borde esternal inferior izquierdo,Insuficiencia tricuspídea moderada o grave,sn;sp;vpp;vpn,False,hallazgo,20920693,Sin valor predictivo observado recuperado para esta población; Cifra no recuperada para la misma definición; revisar fuente y umbral
C00439:1,1217,Primer ruido cardiaco (S1) inaudible en el ápex,Insuficiencia mitral moderada o grave,sn;sp;vpp;vpn,False,hallazgo,20920693,Sin valor predictivo observado recuperado para esta población; Cifra no recuperada para la misma definición; revisar fuente y umbral
C00439:2,1218,Primer ruido cardiaco (S1) inaudible en el ápex,Insuficiencia tricuspídea moderada o grave,sn;sp;vpp;vpn,False,hallazgo,20920693,Sin valor predictivo observado recuperado para esta población; Cifra no recuperada para la misma definición; revisar fuente y umbral
C00440:1,1219,Segundo ruido cardiaco (S2) inaudible,Insuficiencia mitral moderada o grave,sn;sp;vpp;vpn,False,hallazgo,20920693,Sin valor predictivo observado recuperado para esta población; Cifra no recuperada para la misma definición; revisar fuente y umbral
C00440:2,1220,Segundo ruido cardiaco (S2) inaudible,Insuficiencia tricuspídea moderada o grave,sn;sp;vpp;vpn,False,hallazgo,20920693,Sin valor predictivo observado recuperado para esta población; Cifra no recuperada para la misma definición; revisar fuente y umbral
C00441:1,1221,Segundo ruido cardiaco (S2) intenso o reforzado,Insuficiencia mitral moderada o grave,sn;sp;vpp;vpn,False,hallazgo,20920693,Sin valor predictivo observado recuperado para esta población; Cifra no recuperada para la misma definición; revisar fuente y umbral
C00441:2,1222,Segundo ruido cardiaco (S2) intenso o reforzado,Insuficiencia tricuspídea moderada o grave,sn;sp;vpp;vpn,False,hallazgo,20920693,Sin valor predictivo observado recuperado para esta población; Cifra no recuperada para la misma definición; revisar fuente y umbral
C00442:1,1223,Irradiación del soplo sistólico al cuello,Insuficiencia mitral moderada o grave,sn;sp;vpp;vpn,False,hallazgo,20920693,Sin valor predictivo observado recuperado para esta población; Cifra no recuperada para la misma definición; revisar fuente y umbral
C00442:2,1224,Irradiación del soplo sistólico al cuello,Insuficiencia tricuspídea moderada o grave,sn;sp;vpp;vpn,False,hallazgo,20920693,Sin valor predictivo observado recuperado para esta población; Cifra no recuperada para la misma definición; revisar fuente y umbral
C00443:1,1225,Soplo mesosistólico o protosistólico (momento del soplo),Insuficiencia mitral moderada o grave,sn;sp;vpp;vpn,False,hallazgo,20920693,Sin valor predictivo observado recuperado para esta población; Cifra no recuperada para la misma definición; revisar fuente y umbral
C00443:2,1226,Soplo mesosistólico o protosistólico (momento del soplo),Insuficiencia tricuspídea moderada o grave,sn;sp;vpp;vpn,False,hallazgo,20920693,Sin valor predictivo observado recuperado para esta población; Cifra no recuperada para la misma definición; revisar fuente y umbral
C00444:1,1227,Soplo sistólico prolongado u holosistólico,Insuficiencia mitral moderada o grave,sn;sp;vpp;vpn,False,hallazgo,20920693,Sin valor predictivo observado recuperado para esta población; Cifra no recuperada para la misma definición; revisar fuente y umbral
C00444:2,1228,Soplo sistólico prolongado u holosistólico,Insuficiencia tricuspídea moderada o grave,sn;sp;vpp;vpn,False,hallazgo,20920693,Sin valor predictivo observado recuperado para esta población; Cifra no recuperada para la misma definición; revisar fuente y umbral
C00445:1,1229,Soplo de timbre rudo o áspero,Insuficiencia mitral moderada o grave,sn;sp;vpp;vpn,False,hallazgo,20920693,Sin valor predictivo observado recuperado para esta población; Cifra no recuperada para la misma definición; revisar fuente y umbral
C00445:2,1230,Soplo de timbre rudo o áspero,Insuficiencia tricuspídea moderada o grave,sn;sp;vpp;vpn,False,hallazgo,20920693,Sin valor predictivo observado recuperado para esta población; Cifra no recuperada para la misma definición; revisar fuente y umbral
C00446:1,1231,Intensidad del soplo sin cambio en el latido que sigue a una pausa (pulso irregular),Insuficiencia mitral moderada o grave,sn;sp;vpp;vpn,False,hallazgo,20920693,Sin valor predictivo observado recuperado para esta población; Cifra no recuperada para la misma definición; revisar fuente y umbral
C00446:2,1232,Intensidad del soplo sin cambio en el latido que sigue a una pausa (pulso irregular),Insuficiencia tricuspídea moderada o grave,sn;sp;vpp;vpn,False,hallazgo,20920693,Sin valor predictivo observado recuperado para esta población; Cifra no recuperada para la misma definición; revisar fuente y umbral
